"tstamp","period","sector","subsample","AD","p","nflares","nsteps_mcmc","totobs_days","shift","dataset"
"2021-12-14","Rotation","Sector 27","high energy half",1.49903199804589,0.357,33,10000,23.3185185185185,0,"analysis"
"2021-12-14","Rotation","Sector 1","low energy half",1.07827924785904,0.6226,37,10000,25.1305555555556,0,"analysis"
"2021-12-14","Rotation","Sector 1","high energy half",2.21027840758646,0.129,38,10000,25.1305555555556,0,"analysis"
"2021-12-14","Rotation","Both Sectors","high energy half",0.681874169578137,0.8448,71,10000,48.4490740740741,0,"analysis"
"2021-12-14","Rotation","Sector 27","high energy half",2.87521073048633,0.0616,33,10000,23.3185185185185,0.1,"analysis"
"2021-12-14","Beat Period","Both Sectors","high energy half",1.10030389432697,0.608,71,10000,48.4490740740741,0,"analysis"
"2021-12-14","Rotation","Sector 1","low energy half",0.530287790893062,0.5608,37,10000,25.1305555555556,0.1,"analysis"
"2021-12-14","Rotation","Sector 27","low energy half",0.88988847506937,0.8318,81,10000,23.3185185185185,0,"analysis"
"2021-12-14","Rotation","Sector 1","high energy half",0.846886077088712,0.9126,38,10000,25.1305555555556,0.1,"analysis"
"2021-12-14","Rotation","Sector 27","high energy half",3.14381493357092,0.039,33,10000,23.3185185185185,0.2,"analysis"
"2021-12-14","Rotation","Sector 27","total",1.76347434893616,0.2434,114,10000,23.3185185185185,0,"analysis"
"2021-12-14","Rotation","Both Sectors","low energy half",0.87319287386363,0.8726,118,10000,48.4490740740741,0,"analysis"
"2021-12-14","Beat Period","Both Sectors","low energy half",1.99846362353821,0.1848,118,10000,48.4490740740741,0,"analysis"
"2021-12-14","Rotation","Sector 1","low energy half",1.64172576784104,0.283,37,10000,25.1305555555556,0.2,"analysis"
"2021-12-14","Rotation","Sector 1","high energy half",2.77402890476323,0.0558,38,10000,25.1305555555556,0.2,"analysis"
"2021-12-14","Rotation","Both Sectors","high energy half",0.659673514257975,0.8232,71,10000,48.4490740740741,0.1,"analysis"
"2021-12-14","Rotation","Sector 27","high energy half",2.61870531751049,0.0878,33,10000,23.3185185185185,0.3,"analysis"
"2021-12-14","Beat Period","Both Sectors","high energy half",1.13469756746727,0.539,71,10000,48.4490740740741,0.1,"analysis"
"2021-12-14","Rotation","Sector 1","low energy half",0.587429645827235,0.666,37,10000,25.1305555555556,0.3,"analysis"
"2021-12-14","Rotation","Sector 1","high energy half",0.717169804334816,0.876,38,10000,25.1305555555556,0.3,"analysis"
"2021-12-14","Rotation","Sector 27","low energy half",1.60563821983811,0.351,81,10000,23.3185185185185,0.1,"analysis"
"2021-12-14","Beat Period","Sector 1","total",0.896518683531383,0.8368,75,10000,25.1305555555556,0,"analysis"
"2021-12-14","Beat Period","Both Sectors","total",0.465339555941569,0.4348,189,10000,48.4490740740741,0,"analysis"
"2021-12-14","Rotation","Sector 27","high energy half",2.28192569677482,0.1418,33,10000,23.3185185185185,0.4,"analysis"
"2021-12-14","Rotation","Both Sectors","total",1.26809574153032,0.4714,189,10000,48.4490740740741,0,"analysis"
"2021-12-14","Rotation","Sector 1","low energy half",1.06399389800009,0.6234,37,10000,25.1305555555556,0.4,"analysis"
"2021-12-14","Rotation","Sector 1","high energy half",1.26601303456561,0.4686,38,10000,25.1305555555556,0.4,"analysis"
"2021-12-14","Rotation","Both Sectors","high energy half",0.77443131887712,0.9816,71,10000,48.4490740740741,0.2,"analysis"
"2021-12-14","Rotation","Sector 27","high energy half",1.72520325271282,0.254,33,10000,23.3185185185185,0.5,"analysis"
"2021-12-14","Beat Period","Both Sectors","high energy half",1.16553223410988,0.5916,71,10000,48.4490740740741,0.2,"analysis"
"2021-12-14","Rotation","Sector 27","total",3.49105790730223,0.0454,114,10000,23.3185185185185,0.1,"analysis"
"2021-12-14","Beat Period","Both Sectors","low energy half",0.731401160507161,0.9186,118,10000,48.4490740740741,0.1,"analysis"
"2021-12-14","Rotation","Both Sectors","low energy half",1.31466449297521,0.4344,118,10000,48.4490740740741,0.1,"analysis"
"2021-12-14","Rotation","Sector 1","low energy half",0.582417180783224,0.7102,37,10000,25.1305555555556,0.5,"analysis"
"2021-12-14","Rotation","Sector 27","low energy half",0.881214591204113,0.8346,81,10000,23.3185185185185,0.2,"analysis"
"2021-12-14","Beat Period","Sector 1","total",1.23596868274618,0.5094,75,10000,25.1305555555556,0.1,"analysis"
"2021-12-14","Rotation","Sector 1","high energy half",0.900190838446996,0.8416,38,10000,25.1305555555556,0.5,"analysis"
"2021-12-14","Rotation","Sector 27","high energy half",1.72806366961561,0.2496,33,10000,23.3185185185185,0.6,"analysis"
"2021-12-14","Rotation","Both Sectors","high energy half",0.703594943655702,0.9012,71,10000,48.4490740740741,0.3,"analysis"
"2021-12-14","Rotation","Sector 1","low energy half",0.72020747677557,0.9138,37,10000,25.1305555555556,0.6,"analysis"
"2021-12-14","Rotation","Sector 1","high energy half",1.61000524656772,0.3058,38,10000,25.1305555555556,0.6,"analysis"
"2021-12-14","Rotation","Sector 27","high energy half",2.44059786692905,0.091,33,10000,23.3185185185185,0.7,"analysis"
"2021-12-14","Beat Period","Both Sectors","high energy half",1.24125449645337,0.5306,71,10000,48.4490740740741,0.3,"analysis"
"2021-12-14","Beat Period","Sector 1","total",0.362943108211994,0.2412,75,10000,25.1305555555556,0.2,"analysis"
"2021-12-14","Rotation","Sector 27","low energy half",1.48091212875845,0.394,81,10000,23.3185185185185,0.3,"analysis"
"2021-12-14","Rotation","Sector 1","low energy half",0.788798814616868,0.9694,37,10000,25.1305555555556,0.7,"analysis"
"2021-12-14","Rotation","Sector 1","high energy half",1.15697707530626,0.5542,38,10000,25.1305555555556,0.7,"analysis"
"2021-12-14","Rotation","Sector 27","high energy half",5.65947738767135,0.001,33,10000,23.3185185185185,0.8,"analysis"
"2021-12-14","Rotation","Sector 27","total",1.85225658705349,0.1964,114,10000,23.3185185185185,0.2,"analysis"
"2021-12-14","Beat Period","Both Sectors","low energy half",2.05129917794889,0.1776,118,10000,48.4490740740741,0.2,"analysis"
"2021-12-14","Rotation","Both Sectors","high energy half",0.598189240661057,0.6904,71,10000,48.4490740740741,0.4,"analysis"
"2021-12-14","Beat Period","Both Sectors","total",0.446409332401515,0.381,189,10000,48.4490740740741,0.1,"analysis"
"2021-12-14","Rotation","Both Sectors","low energy half",1.31538546413519,0.4522,118,10000,48.4490740740741,0.2,"analysis"
"2021-12-14","Rotation","Sector 1","low energy half",2.14140355869706,0.1538,37,10000,25.1305555555556,0.8,"analysis"
"2021-12-14","Rotation","Sector 27","high energy half",1.91324427558958,0.2278,33,10000,23.3185185185185,0.9,"analysis"
"2021-12-14","Rotation","Sector 1","high energy half",0.993779530160502,0.7236,38,10000,25.1305555555556,0.8,"analysis"
"2021-12-14","Beat Period","Both Sectors","high energy half",2.82096732958331,0.0616,71,10000,48.4490740740741,0.4,"analysis"
"2021-12-14","Rotation","Both Sectors","total",1.67186449617174,0.3464,189,10000,48.4490740740741,0.1,"analysis"
"2021-12-14","Beat Period","Sector 1","total",0.665339583109471,0.7946,75,10000,25.1305555555556,0.3,"analysis"
"2021-12-14","Rotation","Sector 27","low energy half",2.6277264774548,0.0836,81,10000,23.3185185185185,0.4,"analysis"
"2021-12-14","Rotation","Sector 1","low energy half",0.772883942320796,0.9726,37,10000,25.1305555555556,0.9,"analysis"
"2021-12-14","Rotation","Sector 1","high energy half",0.817525771808782,0.9554,38,10000,25.1305555555556,0.9,"analysis"
"2021-12-14","Beat Period","Sector 1","high energy half",1.79862286290327,0.2268,38,10000,25.1305555555556,0,"analysis"
"2021-12-14","Rotation","Both Sectors","high energy half",0.656835105008426,0.7992,71,10000,48.4490740740741,0.5,"analysis"
"2021-12-14","Beat Period","Both Sectors","high energy half",1.43951148921872,0.3668,71,10000,48.4490740740741,0.5,"analysis"
"2021-12-14","Beat Period","Sector 1","low energy half",1.05088277731272,0.6826,37,10000,25.1305555555556,0,"analysis"
"2021-12-14","Rotation","Sector 27","total",1.63964932102812,0.3182,114,10000,23.3185185185185,0.3,"analysis"
"2021-12-14","Beat Period","Sector 1","high energy half",1.47839129353178,0.373,38,10000,25.1305555555556,0.1,"analysis"
"2021-12-14","Beat Period","Both Sectors","low energy half",0.877516148828107,0.9044,118,10000,48.4490740740741,0.3,"analysis"
"2021-12-14","Beat Period","Sector 1","total",0.799055162775545,0.9792,75,10000,25.1305555555556,0.4,"analysis"
"2021-12-14","Rotation","Both Sectors","low energy half",0.731595350408199,0.9458,118,10000,48.4490740740741,0.3,"analysis"
"2021-12-14","Rotation","Sector 27","low energy half",0.770897453085922,0.9908,81,10000,23.3185185185185,0.5,"analysis"
"2021-12-14","Beat Period","Sector 1","low energy half",3.70350833085188,0.0314,37,10000,25.1305555555556,0.1,"analysis"
"2021-12-14","Rotation","Both Sectors","high energy half",0.871423205500463,0.8858,71,10000,48.4490740740741,0.6,"analysis"
"2021-12-14","Beat Period","Sector 1","high energy half",1.90906437956546,0.186,38,10000,25.1305555555556,0.2,"analysis"
"2021-12-14","Beat Period","Both Sectors","high energy half",1.55438501007311,0.316,71,10000,48.4490740740741,0.6,"analysis"
"2021-12-14","Beat Period","Sector 27","total",0.380918370953708,0.2694,114,10000,23.3185185185185,0,"analysis"
"2021-12-14","Beat Period","Sector 1","low energy half",2.95305726789582,0.0496,37,10000,25.1305555555556,0.2,"analysis"
"2021-12-14","Beat Period","Both Sectors","total",0.687404838466591,0.861,189,10000,48.4490740740741,0.2,"analysis"
"2021-12-14","Beat Period","Sector 1","high energy half",1.23171248662903,0.4924,38,10000,25.1305555555556,0.3,"analysis"
"2021-12-14","Beat Period","Sector 1","total",0.673837478479669,0.8186,75,10000,25.1305555555556,0.5,"analysis"
"2021-12-14","Rotation","Both Sectors","total",1.6053287528411,0.3242,189,10000,48.4490740740741,0.2,"analysis"
"2021-12-14","Rotation","Sector 27","low energy half",0.566559343720655,0.628,81,10000,23.3185185185185,0.6,"analysis"
"2021-12-14","Beat Period","Sector 1","low energy half",0.756371824481171,0.9584,37,10000,25.1305555555556,0.3,"analysis"
"2021-12-14","Rotation","Sector 27","total",3.03752080608157,0.0574,114,10000,23.3185185185185,0.4,"analysis"
"2021-12-14","Rotation","Both Sectors","high energy half",0.755609931129001,0.9816,71,10000,48.4490740740741,0.7,"analysis"
"2021-12-14","Beat Period","Both Sectors","high energy half",0.77725721664784,0.9258,71,10000,48.4490740740741,0.7,"analysis"
"2021-12-14","Beat Period","Sector 1","high energy half",0.754654708800253,0.9332,38,10000,25.1305555555556,0.4,"analysis"
"2021-12-14","Rotation","Both Sectors","low energy half",1.94873295679056,0.203,118,10000,48.4490740740741,0.4,"analysis"
"2021-12-14","Beat Period","Both Sectors","low energy half",3.11158515264275,0.0654,118,10000,48.4490740740741,0.4,"analysis"
"2021-12-14","Beat Period","Sector 1","low energy half",1.35346593167208,0.4518,37,10000,25.1305555555556,0.4,"analysis"
"2021-12-14","Beat Period","Sector 1","high energy half",0.69545253552009,0.8392,38,10000,25.1305555555556,0.5,"analysis"
"2021-12-14","Beat Period","Sector 1","total",0.335360921756077,0.175,75,10000,25.1305555555556,0.6,"analysis"
"2021-12-14","Beat Period","Sector 27","total",1.12811038853678,0.5794,114,10000,23.3185185185185,0.1,"analysis"
"2021-12-14","Rotation","Both Sectors","high energy half",4.09880465170396,0.0176,71,10000,48.4490740740741,0.8,"analysis"
"2021-12-14","Rotation","Sector 27","low energy half",0.503955278050029,0.5424,81,10000,23.3185185185185,0.7,"analysis"
"2021-12-14","Beat Period","Sector 1","low energy half",0.732341874961257,0.953,37,10000,25.1305555555556,0.5,"analysis"
"2021-12-14","Beat Period","Both Sectors","high energy half",2.2330320880387,0.154,71,10000,48.4490740740741,0.8,"analysis"
"2021-12-14","Beat Period","Sector 1","high energy half",1.26473561019064,0.456,38,10000,25.1305555555556,0.6,"analysis"
"2021-12-14","Rotation","Sector 27","total",1.01009004036695,0.7282,114,10000,23.3185185185185,0.5,"analysis"
"2021-12-14","Beat Period","Sector 1","low energy half",0.474667060887413,0.4428,37,10000,25.1305555555556,0.6,"analysis"
"2021-12-14","Beat Period","Sector 1","total",0.592971057693262,0.687,75,10000,25.1305555555556,0.7,"analysis"
"2021-12-14","Rotation","Both Sectors","low energy half",1.16701700116104,0.5372,118,10000,48.4490740740741,0.5,"analysis"
"2021-12-14","Rotation","Both Sectors","high energy half",0.955298205791138,0.79,71,10000,48.4490740740741,0.9,"analysis"
"2021-12-14","Beat Period","Both Sectors","low energy half",0.780623852314761,0.9736,118,10000,48.4490740740741,0.5,"analysis"
"2021-12-14","Beat Period","Sector 1","high energy half",1.86823642475015,0.2204,38,10000,25.1305555555556,0.7,"analysis"
"2021-12-14","Beat Period","Both Sectors","total",0.359889209632513,0.2284,189,10000,48.4490740740741,0.3,"analysis"
"2021-12-14","Beat Period","Sector 1","low energy half",0.464234700049346,0.405,37,10000,25.1305555555556,0.7,"analysis"
"2021-12-14","Rotation","Sector 27","low energy half",0.844934381251875,0.9974,81,10000,23.3185185185185,0.8,"analysis"
"2021-12-14","Beat Period","Both Sectors","high energy half",1.72893861053026,0.2732,71,10000,48.4490740740741,0.9,"analysis"
"2021-12-14","Rotation","Both Sectors","total",0.819920205186691,0.9084,189,10000,48.4490740740741,0.3,"analysis"
"2021-12-14","Beat Period","Sector 27","total",1.14278557890242,0.6128,114,10000,23.3185185185185,0.2,"analysis"
"2021-12-14","Beat Period","Sector 27","high energy half",1.59610494105203,0.2724,33,10000,23.3185185185185,0,"analysis"
"2021-12-14","Beat Period","Sector 1","high energy half",1.4441269976867,0.3484,38,10000,25.1305555555556,0.8,"analysis"
"2021-12-14","Beat Period","Sector 1","low energy half",0.494020747838462,0.4718,37,10000,25.1305555555556,0.8,"analysis"
"2021-12-14","Beat Period","Sector 1","total",0.431091525455557,0.3532,75,10000,25.1305555555556,0.8,"analysis"
"2021-12-14","Beat Period","Sector 27","high energy half",1.13814755250655,0.6032,33,10000,23.3185185185185,0.1,"analysis"
"2021-12-14","Beat Period","Sector 1","high energy half",1.46981197862966,0.3466,38,10000,25.1305555555556,0.9,"analysis"
"2021-12-14","Rotation","Sector 27","total",1.33898833509738,0.4556,114,10000,23.3185185185185,0.6,"analysis"
"2021-12-14","Beat Period","Sector 1","low energy half",1.81646794726181,0.2156,37,10000,25.1305555555556,0.9,"analysis"
"2021-12-14","Rotation","Sector 27","low energy half",0.988860337522709,0.7524,81,10000,23.3185185185185,0.9,"analysis"
"2021-12-14","Beat Period","Sector 27","low energy half",1.42113407749694,0.3924,81,10000,23.3185185185185,0,"analysis"
"2021-12-14","Beat Period","Sector 27","high energy half",1.13814755250655,0.558,33,10000,23.3185185185185,0.2,"analysis"
"2021-12-14","Beat Period","Both Sectors","low energy half",0.769087170787245,0.9944,118,10000,48.4490740740741,0.6,"analysis"
"2021-12-14","Rotation","Both Sectors","low energy half",0.944969350168662,0.8188,118,10000,48.4490740740741,0.6,"analysis"
"2021-12-14","Beat Period","Sector 1","total",0.747260115704052,0.927,75,10000,25.1305555555556,0.9,"analysis"
"2021-12-14","Beat Period","Sector 27","high energy half",3.46766663242562,0.0362,33,10000,23.3185185185185,0.3,"analysis"
"2021-12-14","Beat Period","Sector 27","total",0.427562847954377,0.3326,114,10000,23.3185185185185,0.3,"analysis"
"2021-12-14","Beat Period","Sector 27","high energy half",3.46766663242562,0.0326,33,10000,23.3185185185185,0.4,"analysis"
"2021-12-14","Beat Period","Both Sectors","total",0.49200301468602,0.4386,189,10000,48.4490740740741,0.4,"analysis"
"2021-12-14","Beat Period","Sector 27","low energy half",0.784011625821449,0.9498,81,10000,23.3185185185185,0.1,"analysis"
"2021-12-14","Rotation","Sector 27","total",0.933476845495335,0.7776,114,10000,23.3185185185185,0.7,"analysis"
"2021-12-14","Rotation","Both Sectors","total",0.985252486082061,0.7074,189,10000,48.4490740740741,0.4,"analysis"
"2021-12-14","Beat Period","Sector 27","high energy half",1.1930908908793,0.5038,33,10000,23.3185185185185,0.5,"analysis"
"2021-12-14","Beat Period","Both Sectors","low energy half",0.943070379563167,0.757,118,10000,48.4490740740741,0.7,"analysis"
"2021-12-14","Rotation","Both Sectors","low energy half",0.774014137120005,0.9828,118,10000,48.4490740740741,0.7,"analysis"
"2021-12-14","Beat Period","Sector 27","high energy half",0.829026513752623,0.9716,33,10000,23.3185185185185,0.6,"analysis"
"2021-12-14","Beat Period","Sector 27","total",0.513102803437022,0.524,114,10000,23.3185185185185,0.4,"analysis"
"2021-12-14","Beat Period","Sector 27","low energy half",1.10057469934104,0.6464,81,10000,23.3185185185185,0.2,"analysis"
"2021-12-14","Beat Period","Sector 27","high energy half",2.15894620927769,0.1592,33,10000,23.3185185185185,0.7,"analysis"
"2021-12-14","Rotation","Sector 27","total",3.25902755947608,0.0374,114,10000,23.3185185185185,0.8,"analysis"
"2021-12-14","Beat Period","Sector 27","high energy half",2.33833073928501,0.0958,33,10000,23.3185185185185,0.8,"analysis"
"2021-12-14","Rotation","Both Sectors","low energy half",2.3725975750669,0.1224,118,10000,48.4490740740741,0.8,"analysis"
"2021-12-14","Beat Period","Both Sectors","low energy half",1.11150528204686,0.5922,118,10000,48.4490740740741,0.8,"analysis"
"2021-12-14","Beat Period","Sector 27","low energy half",0.593377341206107,0.6622,81,10000,23.3185185185185,0.3,"analysis"
"2021-12-14","Beat Period","Both Sectors","total",0.447193733716262,0.3916,189,10000,48.4490740740741,0.5,"analysis"
"2021-12-14","Beat Period","Sector 27","high energy half",1.01903550832488,0.711,33,10000,23.3185185185185,0.9,"analysis"
"2021-12-14","Beat Period","Sector 27","total",1.09382268304928,0.6204,114,10000,23.3185185185185,0.5,"analysis"
"2021-12-14","Rotation","Both Sectors","total",1.05561817781131,0.6626,189,10000,48.4490740740741,0.5,"analysis"
"2021-12-14","Rotation","Sector 27","total",1.69491719258431,0.2754,114,10000,23.3185185185185,0.9,"analysis"
"2021-12-14","Beat Period","Sector 27","low energy half",1.64915694894923,0.2974,81,10000,23.3185185185185,0.4,"analysis"
"2021-12-14","Rotation","Both Sectors","low energy half",0.832715004242488,0.8762,118,10000,48.4490740740741,0.9,"analysis"
"2021-12-14","Beat Period","Both Sectors","low energy half",0.901132916365441,0.8404,118,10000,48.4490740740741,0.9,"analysis"
"2021-12-14","Beat Period","Sector 27","total",0.661373883155775,0.8074,114,10000,23.3185185185185,0.6,"analysis"
"2021-12-14","Beat Period","Both Sectors","total",0.438933220982506,0.3718,189,10000,48.4490740740741,0.6,"analysis"
"2021-12-14","Beat Period","Sector 27","low energy half",0.60063378882694,0.7312,81,10000,23.3185185185185,0.5,"analysis"
"2021-12-14","Rotation","Both Sectors","total",1.66204269922594,0.2998,189,10000,48.4490740740741,0.6,"analysis"
"2021-12-14","Beat Period","Sector 27","total",0.952779984510343,0.727,114,10000,23.3185185185185,0.7,"analysis"
"2021-12-14","Beat Period","Sector 27","low energy half",0.500840591622591,0.5124,81,10000,23.3185185185185,0.6,"analysis"
"2021-12-14","Beat Period","Sector 27","low energy half",0.822709355015988,0.9662,81,10000,23.3185185185185,0.7,"analysis"
"2021-12-14","Beat Period","Sector 27","total",0.797762319610399,0.9336,114,10000,23.3185185185185,0.8,"analysis"
"2021-12-14","Beat Period","Both Sectors","total",0.992280696648948,0.7128,189,10000,48.4490740740741,0.7,"analysis"
"2021-12-14","Rotation","Both Sectors","total",1.03944177290816,0.7022,189,10000,48.4490740740741,0.7,"analysis"
"2021-12-14","Beat Period","Sector 27","low energy half",1.23355642809605,0.51,81,10000,23.3185185185185,0.8,"analysis"
"2021-12-14","Beat Period","Sector 27","total",0.585440860667603,0.6752,114,10000,23.3185185185185,0.9,"analysis"
"2021-12-14","Beat Period","Sector 27","low energy half",0.769167936514464,0.995,81,10000,23.3185185185185,0.9,"analysis"
"2021-12-14","Beat Period","Both Sectors","total",0.53638543649663,0.5876,189,10000,48.4490740740741,0.8,"analysis"
"2021-12-14","Orbit","Sector 27","high energy half",0.938299252432515,0.7132,33,10000,23.3185185185185,0,"analysis"
"2021-12-14","Orbit","Sector 1","low energy half",4.09264145396407,0.0176,37,10000,25.1305555555556,0,"analysis"
"2021-12-14","Orbit","Sector 1","high energy half",2.5008469115751,0.116,38,10000,25.1305555555556,0,"analysis"
"2021-12-14","Orbit","Sector 1","total",2.48507985648537,0.1012,75,10000,25.1305555555556,0,"analysis"
"2021-12-14","Orbit","Sector 27","high energy half",2.37145508228434,0.1086,33,10000,23.3185185185185,0.1,"analysis"
"2021-12-14","Orbit","Both Sectors","high energy half",2.86213096669826,0.0526,71,10000,48.4490740740741,0,"analysis"
"2021-12-14","Orbit","Sector 1","low energy half",4.09264145396407,0.0112,37,10000,25.1305555555556,0.1,"analysis"
"2021-12-14","Orbit","Sector 27","low energy half",2.12850515093534,0.1588,81,10000,23.3185185185185,0,"analysis"
"2021-12-14","Orbit","Sector 1","high energy half",1.10828602312453,0.6318,38,10000,25.1305555555556,0.1,"analysis"
"2021-12-14","Rotation","Both Sectors","total",3.55813073479254,0.0294,189,10000,48.4490740740741,0.8,"analysis"
"2021-12-14","Orbit","Sector 27","high energy half",1.51931235129034,0.346,33,10000,23.3185185185185,0.2,"analysis"
"2021-12-14","Orbit","Both Sectors","low energy half",1.01882072236417,0.6658,118,10000,48.4490740740741,0,"analysis"
"2021-12-14","Orbit","Sector 1","low energy half",2.67998280470265,0.0884,37,10000,25.1305555555556,0.2,"analysis"
"2021-12-14","Orbit","Sector 27","total",1.24604814947813,0.4818,114,10000,23.3185185185185,0,"analysis"
"2021-12-14","Orbit","Sector 1","high energy half",1.47656870250111,0.3916,38,10000,25.1305555555556,0.2,"analysis"
"2021-12-14","Orbit","Both Sectors","high energy half",4.31179562263701,0.013,71,10000,48.4490740740741,0.1,"analysis"
"2021-12-14","Orbit","Sector 1","total",2.83145458712907,0.086,75,10000,25.1305555555556,0.1,"analysis"
"2021-12-14","Orbit","Sector 27","high energy half",4.25770436221389,0.01,33,10000,23.3185185185185,0.3,"analysis"
"2021-12-14","Orbit","Sector 1","low energy half",1.3059015582971,0.3908,37,10000,25.1305555555556,0.3,"analysis"
"2021-12-14","Orbit","Sector 27","low energy half",1.03669536936087,0.652,81,10000,23.3185185185185,0.1,"analysis"
"2021-12-14","Orbit","Sector 1","high energy half",1.22699614002354,0.6026,38,10000,25.1305555555556,0.3,"analysis"
"2021-12-14","Orbit","Both Sectors","total",1.40791626998998,0.4048,189,10000,48.4490740740741,0,"analysis"
"2021-12-14","Orbit","Sector 27","high energy half",1.13248008236061,0.5996,33,10000,23.3185185185185,0.4,"analysis"
"2021-12-14","Orbit","Sector 1","low energy half",1.05656124743838,0.6258,37,10000,25.1305555555556,0.4,"analysis"
"2021-12-14","Beat Period","Both Sectors","total",0.779435989854164,0.9766,189,10000,48.4490740740741,0.9,"analysis"
"2021-12-14","Orbit","Sector 1","high energy half",1.26993849127486,0.4734,38,10000,25.1305555555556,0.4,"analysis"
"2021-12-14","Orbit","Both Sectors","high energy half",2.79187965216853,0.0892,71,10000,48.4490740740741,0.2,"analysis"
"2021-12-14","Orbit","Sector 1","total",2.20102863920754,0.1436,75,10000,25.1305555555556,0.2,"analysis"
"2021-12-14","Orbit","Sector 27","high energy half",1.14540473661587,0.5054,33,10000,23.3185185185185,0.5,"analysis"
"2021-12-14","Orbit","Both Sectors","low energy half",0.903311455886865,0.8314,118,10000,48.4490740740741,0.1,"analysis"
"2021-12-14","Orbit","Sector 1","low energy half",0.908545857485649,0.853,37,10000,25.1305555555556,0.5,"analysis"
"2021-12-14","Orbit","Sector 1","high energy half",1.52732721472706,0.317,38,10000,25.1305555555556,0.5,"analysis"
"2021-12-14","Orbit","Sector 27","low energy half",1.32197730328367,0.4152,81,10000,23.3185185185185,0.2,"analysis"
"2021-12-14","Orbit","Sector 27","total",0.887242156313349,0.8194,114,10000,23.3185185185185,0.1,"analysis"
"2021-12-14","Orbit","Sector 27","high energy half",1.87376798726211,0.2362,33,10000,23.3185185185185,0.6,"analysis"
"2021-12-14","Orbit","Sector 1","low energy half",0.672916043925277,0.8374,37,10000,25.1305555555556,0.6,"analysis"
"2021-12-14","Rotation","Both Sectors","total",1.3708574428972,0.4542,189,10000,48.4490740740741,0.9,"analysis"
"2021-12-14","Orbit","Sector 1","high energy half",2.55274115480469,0.1092,38,10000,25.1305555555556,0.6,"analysis"
"2021-12-14","Orbit","Both Sectors","high energy half",6.85759322638862,0.001,71,10000,48.4490740740741,0.3,"analysis"
"2021-12-14","Orbit","Sector 1","total",2.86435517693455,0.0776,75,10000,25.1305555555556,0.3,"analysis"
"2021-12-14","Orbit","Sector 27","high energy half",1.87376798726211,0.1878,33,10000,23.3185185185185,0.7,"analysis"
"2021-12-14","Orbit","Sector 1","low energy half",1.1463404608239,0.5314,37,10000,25.1305555555556,0.7,"analysis"
"2021-12-14","Orbit","Sector 1","high energy half",1.66665886838141,0.2824,38,10000,25.1305555555556,0.7,"analysis"
"2021-12-14","Orbit","Sector 27","low energy half",1.25925880054901,0.4694,81,10000,23.3185185185185,0.3,"analysis"
"2021-12-14","Orbit","Sector 27","high energy half",1.25459002974058,0.469,33,10000,23.3185185185185,0.8,"analysis"
"2021-12-14","Orbit","Both Sectors","low energy half",1.25795393828145,0.4854,118,10000,48.4490740740741,0.2,"analysis"
"2021-12-14","Orbit","Sector 1","low energy half",1.09891382052436,0.6082,37,10000,25.1305555555556,0.8,"analysis"
"2021-12-14","Orbit","Both Sectors","high energy half",2.10404517200283,0.1664,71,10000,48.4490740740741,0.4,"analysis"
"2021-12-14","Orbit","Sector 1","total",1.86893063457747,0.22,75,10000,25.1305555555556,0.4,"analysis"
"2021-12-14","Orbit","Both Sectors","total",2.74195121280462,0.0886,189,10000,48.4490740740741,0.1,"analysis"
"2021-12-14","Orbit","Sector 1","high energy half",2.45009842695912,0.1238,38,10000,25.1305555555556,0.8,"analysis"
"2021-12-14","Orbit","Sector 27","high energy half",0.802575139691541,0.999,33,10000,23.3185185185185,0.9,"analysis"
"2021-12-14","Orbit","Sector 27","total",1.39976406090091,0.388,114,10000,23.3185185185185,0.2,"analysis"
"2021-12-14","Orbit","Sector 1","low energy half",4.09264145396407,0.0166,37,10000,25.1305555555556,0.9,"analysis"
"2021-12-14","Orbit","Sector 27","low energy half",0.975692053508652,0.7236,81,10000,23.3185185185185,0.4,"analysis"
"2021-12-14","Orbit","Sector 1","high energy half",2.28524751800248,0.1204,38,10000,25.1305555555556,0.9,"analysis"
"2021-12-14","Orbit","Both Sectors","high energy half",2.1197489708865,0.1666,71,10000,48.4490740740741,0.5,"analysis"
"2021-12-14","Orbit","Sector 1","total",1.29633110462241,0.4482,75,10000,25.1305555555556,0.5,"analysis"
"2021-12-14","Orbit","Both Sectors","low energy half",1.40002588034254,0.3916,118,10000,48.4490740740741,0.3,"analysis"
"2021-12-14","Orbit","Sector 27","low energy half",1.00141680649801,0.6652,81,10000,23.3185185185185,0.5,"analysis"
"2021-12-14","Orbit","Sector 27","total",3.62653149327762,0.0228,114,10000,23.3185185185185,0.3,"analysis"
"2021-12-14","Orbit","Both Sectors","high energy half",2.96379935486974,0.0686,71,10000,48.4490740740741,0.6,"analysis"
"2021-12-14","Orbit","Sector 1","total",1.56241904882324,0.3232,75,10000,25.1305555555556,0.6,"analysis"
"2021-12-14","Orbit","Both Sectors","total",2.43299133720302,0.1024,189,10000,48.4490740740741,0.2,"analysis"
"2021-12-14","Orbit","Both Sectors","low energy half",1.05082666430451,0.6714,118,10000,48.4490740740741,0.4,"analysis"
"2021-12-14","Orbit","Sector 27","low energy half",1.053111998619,0.6626,81,10000,23.3185185185185,0.6,"analysis"
"2021-12-14","Orbit","Both Sectors","high energy half",3.4110701036381,0.041,71,10000,48.4490740740741,0.7,"analysis"
"2021-12-14","Orbit","Sector 1","total",1.37457998831138,0.4082,75,10000,25.1305555555556,0.7,"analysis"
"2021-12-14","Orbit","Sector 27","total",1.21731053368153,0.5072,114,10000,23.3185185185185,0.4,"analysis"
"2021-12-14","Orbit","Both Sectors","high energy half",4.46478349874356,0.0102,71,10000,48.4490740740741,0.8,"analysis"
"2021-12-14","Orbit","Sector 27","low energy half",0.684155158086526,0.8828,81,10000,23.3185185185185,0.7,"analysis"
"2021-12-14","Orbit","Sector 1","total",1.04042771744214,0.6434,75,10000,25.1305555555556,0.8,"analysis"
"2021-12-14","Orbit","Both Sectors","low energy half",1.29505313258663,0.4684,118,10000,48.4490740740741,0.5,"analysis"
"2021-12-14","Orbit","Both Sectors","high energy half",2.26704339019774,0.1408,71,10000,48.4490740740741,0.9,"analysis"
"2021-12-14","Orbit","Both Sectors","total",6.12977252829867,0.0018,189,10000,48.4490740740741,0.3,"analysis"
"2021-12-14","Orbit","Sector 27","total",1.04952232847403,0.6622,114,10000,23.3185185185185,0.5,"analysis"
"2021-12-14","Orbit","Sector 27","low energy half",3.5332855600905,0.0354,81,10000,23.3185185185185,0.8,"analysis"
"2021-12-14","Orbit","Sector 1","total",2.53536150909302,0.0788,75,10000,25.1305555555556,0.9,"analysis"
"2021-12-14","Orbit","Both Sectors","low energy half",1.38765590759343,0.4162,118,10000,48.4490740740741,0.6,"analysis"
"2021-12-14","Orbit","Sector 27","low energy half",1.48445459953078,0.3574,81,10000,23.3185185185185,0.9,"analysis"
"2021-12-14","Orbit","Sector 27","total",0.949564508642936,0.8048,114,10000,23.3185185185185,0.6,"analysis"
"2021-12-14","Orbit","Both Sectors","low energy half",0.866689495423586,0.953,118,10000,48.4490740740741,0.7,"analysis"
"2021-12-14","Orbit","Both Sectors","total",1.89963969366681,0.1788,189,10000,48.4490740740741,0.4,"analysis"
"2021-12-14","Orbit","Sector 27","total",0.9474368784673,0.754,114,10000,23.3185185185185,0.7,"analysis"
"2021-12-14","Orbit","Both Sectors","low energy half",1.35069022822766,0.394,118,10000,48.4490740740741,0.8,"analysis"
"2021-12-14","Orbit","Sector 27","total",1.9276657867872,0.1876,114,10000,23.3185185185185,0.8,"analysis"
"2021-12-14","Orbit","Both Sectors","total",1.41963229146523,0.3884,189,10000,48.4490740740741,0.5,"analysis"
"2021-12-14","Orbit","Both Sectors","low energy half",0.519450867337071,0.58,118,10000,48.4490740740741,0.9,"analysis"
"2021-12-14","Orbit","Sector 27","total",0.874804617505475,0.853,114,10000,23.3185185185185,0.9,"analysis"
"2021-12-14","Orbit","Both Sectors","total",1.74122911753346,0.2534,189,10000,48.4490740740741,0.6,"analysis"
"2021-12-14","Orbit","Both Sectors","total",1.58131272988231,0.3452,189,10000,48.4490740740741,0.7,"analysis"
"2021-12-14","Orbit","Both Sectors","total",2.52482323216489,0.106,189,10000,48.4490740740741,0.8,"analysis"
"2021-12-14","Orbit","Both Sectors","total",1.72813998353763,0.2606,189,10000,48.4490740740741,0.9,"analysis"
"2021-12-14","Rotation","Sector 1","total",1.20377384484372,0.4704,75,10000,25.1305555555556,0,"analysis"
"2021-12-14","Rotation","Sector 1","total",0.687892182397377,0.8772,75,10000,25.1305555555556,0.1,"analysis"
"2021-12-14","Rotation","Sector 1","total",1.00181554590885,0.7022,75,10000,25.1305555555556,0.2,"analysis"
"2021-12-14","Rotation","Sector 1","total",0.982640698552117,0.705,75,10000,25.1305555555556,0.3,"analysis"
"2021-12-14","Rotation","Sector 1","total",0.824444999515066,0.924,75,10000,25.1305555555556,0.4,"analysis"
"2021-12-14","Rotation","Sector 1","total",1.22626221257359,0.4846,75,10000,25.1305555555556,0.5,"analysis"
"2021-12-14","Rotation","Sector 1","total",2.1359471287201,0.1474,75,10000,25.1305555555556,0.6,"analysis"
"2021-12-14","Rotation","Sector 1","total",1.03142426081688,0.6378,75,10000,25.1305555555556,0.7,"analysis"
"2021-12-14","Rotation","Sector 1","total",1.85478805937781,0.2318,75,10000,25.1305555555556,0.8,"analysis"
"2021-12-14","Rotation","Sector 1","total",0.930958014344782,0.7826,75,10000,25.1305555555556,0.9,"analysis"
"2021-12-14","Rotation","Sector 1","low energy half",1.07827924785904,0.6424,37,10000,25.1305555555556,0.05,"analysis"
"2021-12-14","Rotation","Sector 1","high energy half",0.751715573678879,0.9608,38,10000,25.1305555555556,0.05,"analysis"
"2021-12-14","Rotation","Sector 27","high energy half",1.49903199804589,0.331,33,10000,23.3185185185185,0.05,"analysis"
"2021-12-14","Rotation","Both Sectors","high energy half",1.4116773728332,0.4442,71,10000,48.4490740740741,0.05,"analysis"
"2021-12-14","Rotation","Sector 27","high energy half",2.647193365778,0.1152,33,10000,23.3185185185185,0.15,"analysis"
"2021-12-14","Rotation","Sector 1","low energy half",1.81269063993862,0.2476,37,10000,25.1305555555556,0.15,"analysis"
"2021-12-14","Beat Period","Both Sectors","high energy half",1.06819240674704,0.6484,71,10000,48.4490740740741,0.05,"analysis"
"2021-12-14","Rotation","Sector 27","low energy half",1.82011179631094,0.2282,81,10000,23.3185185185185,0.05,"analysis"
"2021-12-14","Rotation","Sector 1","high energy half",0.61428365133628,0.6696,38,10000,25.1305555555556,0.15,"analysis"
"2021-12-14","Rotation","Sector 1","total",1.19213413610687,0.5846,75,10000,25.1305555555556,0.05,"analysis"
"2021-12-14","Rotation","Sector 27","total",2.09156767878255,0.1514,114,10000,23.3185185185185,0.05,"analysis"
"2021-12-14","Rotation","Both Sectors","low energy half",0.852991874986017,0.8886,118,10000,48.4490740740741,0.05,"analysis"
"2021-12-14","Beat Period","Both Sectors","low energy half",0.950292871158552,0.7438,118,10000,48.4490740740741,0.05,"analysis"
"2021-12-14","Rotation","Sector 27","high energy half",2.61870531751049,0.0542,33,10000,23.3185185185185,0.25,"analysis"
"2021-12-14","Rotation","Sector 1","high energy half",2.77402890476323,0.0718,38,10000,25.1305555555556,0.25,"analysis"
"2021-12-14","Rotation","Sector 1","low energy half",0.75360140718135,0.9732,37,10000,25.1305555555556,0.25,"analysis"
"2021-12-14","Rotation","Both Sectors","high energy half",1.20924881662309,0.5706,71,10000,48.4490740740741,0.15,"analysis"
"2021-12-14","Beat Period","Both Sectors","high energy half",0.876863368920084,0.8504,71,10000,48.4490740740741,0.15,"analysis"
"2021-12-14","Rotation","Sector 1","total",0.676648748525565,0.8032,75,10000,25.1305555555556,0.15,"analysis"
"2021-12-14","Rotation","Sector 27","low energy half",1.06207540709576,0.6472,81,10000,23.3185185185185,0.15,"analysis"
"2021-12-14","Rotation","Sector 27","high energy half",2.61870531751049,0.066,33,10000,23.3185185185185,0.35,"analysis"
"2021-12-14","Rotation","Sector 1","high energy half",0.793664289175581,0.9258,38,10000,25.1305555555556,0.35,"analysis"
"2021-12-14","Rotation","Sector 1","low energy half",0.571657363803695,0.6566,37,10000,25.1305555555556,0.35,"analysis"
"2021-12-14","Rotation","Both Sectors","total",0.970993613434928,0.7848,189,10000,48.4490740740741,0.05,"analysis"
"2021-12-14","Beat Period","Both Sectors","total",0.446751131100911,0.3724,189,10000,48.4490740740741,0.05,"analysis"
"2021-12-14","Rotation","Sector 27","high energy half",1.43009689948113,0.343,33,10000,23.3185185185185,0.45,"analysis"
"2021-12-14","Rotation","Both Sectors","high energy half",0.624701939344021,0.7062,71,10000,48.4490740740741,0.25,"analysis"
"2021-12-14","Rotation","Sector 1","high energy half",0.900190838446996,0.8112,38,10000,25.1305555555556,0.45,"analysis"
"2021-12-14","Rotation","Sector 27","total",2.59440227480009,0.0814,114,10000,23.3185185185185,0.15,"analysis"
"2021-12-14","Rotation","Sector 1","low energy half",1.06399389800009,0.6386,37,10000,25.1305555555556,0.45,"analysis"
"2021-12-14","Beat Period","Both Sectors","high energy half",1.70622420616019,0.2564,71,10000,48.4490740740741,0.25,"analysis"
"2021-12-14","Rotation","Sector 27","high energy half",1.35410816683356,0.433,33,10000,23.3185185185185,0.55,"analysis"
"2021-12-14","Rotation","Sector 27","low energy half",0.830258543146783,0.8722,81,10000,23.3185185185185,0.25,"analysis"
"2021-12-14","Beat Period","Both Sectors","low energy half",1.40051646557386,0.4038,118,10000,48.4490740740741,0.15,"analysis"
"2021-12-14","Rotation","Sector 1","total",2.02418183498402,0.179,75,10000,25.1305555555556,0.25,"analysis"
"2021-12-14","Rotation","Both Sectors","low energy half",1.44953975346216,0.3474,118,10000,48.4490740740741,0.15,"analysis"
"2021-12-14","Rotation","Sector 1","high energy half",0.900190838446996,0.8862,38,10000,25.1305555555556,0.55,"analysis"
"2021-12-14","Rotation","Sector 27","high energy half",1.72806366961561,0.302,33,10000,23.3185185185185,0.65,"analysis"
"2021-12-14","Rotation","Sector 1","low energy half",1.42805667804149,0.4162,37,10000,25.1305555555556,0.55,"analysis"
"2021-12-14","Rotation","Both Sectors","high energy half",0.845546908046742,0.884,71,10000,48.4490740740741,0.35,"analysis"
"2021-12-14","Rotation","Sector 1","high energy half",1.19441953268759,0.5462,38,10000,25.1305555555556,0.65,"analysis"
"2021-12-14","Rotation","Sector 1","low energy half",0.72020747677557,0.8864,37,10000,25.1305555555556,0.65,"analysis"
"2021-12-14","Rotation","Sector 27","high energy half",2.44059786692905,0.1038,33,10000,23.3185185185185,0.75,"analysis"
"2021-12-14","Beat Period","Both Sectors","high energy half",2.82096732958331,0.0474,71,10000,48.4490740740741,0.35,"analysis"
"2021-12-14","Rotation","Sector 1","total",0.554437247828645,0.6348,75,10000,25.1305555555556,0.35,"analysis"
"2021-12-14","Rotation","Sector 1","low energy half",2.14140355869706,0.1842,37,10000,25.1305555555556,0.75,"analysis"
"2021-12-14","Rotation","Sector 1","high energy half",0.934839044089074,0.779,38,10000,25.1305555555556,0.75,"analysis"
"2021-12-14","Rotation","Both Sectors","low energy half",0.855957175121887,0.894,118,10000,48.4490740740741,0.25,"analysis"
"2021-12-14","Rotation","Sector 27","low energy half",1.24659239728202,0.509,81,10000,23.3185185185185,0.35,"analysis"
"2021-12-14","Rotation","Sector 27","total",1.85013793143099,0.2272,114,10000,23.3185185185185,0.25,"analysis"
"2021-12-14","Rotation","Sector 27","high energy half",5.65947738767135,0.0006,33,10000,23.3185185185185,0.85,"analysis"
"2021-12-14","Rotation","Sector 1","low energy half",1.30900926760278,0.4614,37,10000,25.1305555555556,0.85,"analysis"
"2021-12-14","Beat Period","Both Sectors","low energy half",1.94313049345817,0.1794,118,10000,48.4490740740741,0.25,"analysis"
"2021-12-14","Rotation","Both Sectors","high energy half",1.12529858528841,0.5676,71,10000,48.4490740740741,0.45,"analysis"
"2021-12-14","Rotation","Sector 1","high energy half",0.993779530160502,0.6928,38,10000,25.1305555555556,0.85,"analysis"
"2021-12-14","Beat Period","Both Sectors","total",0.759182670938571,0.9592,189,10000,48.4490740740741,0.15,"analysis"
"2021-12-14","Rotation","Sector 27","high energy half",2.5912736349566,0.0712,33,10000,23.3185185185185,0.95,"analysis"
"2021-12-14","Rotation","Both Sectors","total",2.16799738189681,0.1306,189,10000,48.4490740740741,0.15,"analysis"
"2021-12-14","Beat Period","Both Sectors","high energy half",3.05203212268682,0.06,71,10000,48.4490740740741,0.45,"analysis"
"2021-12-14","Rotation","Sector 1","total",0.821716844889068,0.912,75,10000,25.1305555555556,0.45,"analysis"
"2021-12-14","Rotation","Sector 1","low energy half",1.86831176353368,0.2202,37,10000,25.1305555555556,0.95,"analysis"
"2021-12-14","Rotation","Sector 1","high energy half",2.21027840758646,0.1202,38,10000,25.1305555555556,0.95,"analysis"
"2021-12-14","Rotation","Sector 27","low energy half",1.82044231260211,0.2104,81,10000,23.3185185185185,0.45,"analysis"
"2021-12-14","Rotation","Both Sectors","high energy half",0.577225321097686,0.664,71,10000,48.4490740740741,0.55,"analysis"
"2021-12-14","Rotation","Both Sectors","low energy half",0.793798797800122,0.9748,118,10000,48.4490740740741,0.35,"analysis"
"2021-12-14","Beat Period","Sector 1","low energy half",0.666570961942767,0.7928,37,10000,25.1305555555556,0.05,"analysis"
"2021-12-14","Rotation","Sector 27","total",1.7995641243733,0.2044,114,10000,23.3185185185185,0.35,"analysis"
"2021-12-14","Beat Period","Sector 1","high energy half",1.79862286290327,0.254,38,10000,25.1305555555556,0.05,"analysis"
"2021-12-14","Beat Period","Both Sectors","high energy half",0.806680050366708,0.9384,71,10000,48.4490740740741,0.55,"analysis"
"2021-12-14","Beat Period","Sector 1","total",0.882489481518832,0.8504,75,10000,25.1305555555556,0.05,"analysis"
"2021-12-14","Rotation","Sector 1","total",1.22004266210585,0.5062,75,10000,25.1305555555556,0.55,"analysis"
"2021-12-14","Beat Period","Both Sectors","low energy half",2.43879135196613,0.0888,118,10000,48.4490740740741,0.35,"analysis"
"2021-12-14","Beat Period","Sector 1","low energy half",3.70350833085188,0.0326,37,10000,25.1305555555556,0.15,"analysis"
"2021-12-14","Beat Period","Sector 1","high energy half",1.82940984248798,0.1882,38,10000,25.1305555555556,0.15,"analysis"
"2021-12-14","Rotation","Sector 27","low energy half",0.476840027770152,0.4574,81,10000,23.3185185185185,0.55,"analysis"
"2021-12-14","Rotation","Both Sectors","high energy half",0.657471717666752,0.8268,71,10000,48.4490740740741,0.65,"analysis"
"2021-12-14","Beat Period","Both Sectors","high energy half",2.56787628430729,0.077,71,10000,48.4490740740741,0.65,"analysis"
"2021-12-14","Beat Period","Sector 1","low energy half",0.60080809818767,0.7512,37,10000,25.1305555555556,0.25,"analysis"
"2021-12-14","Beat Period","Sector 1","high energy half",1.23171248662903,0.49,38,10000,25.1305555555556,0.25,"analysis"
"2021-12-14","Beat Period","Sector 1","total",2.41806134822284,0.1064,75,10000,25.1305555555556,0.15,"analysis"
"2021-12-14","Rotation","Both Sectors","total",0.903212043765109,0.8432,189,10000,48.4490740740741,0.25,"analysis"
"2021-12-14","Beat Period","Both Sectors","total",0.249846140669149,0.0554,189,10000,48.4490740740741,0.25,"analysis"
"2021-12-14","Rotation","Sector 27","total",1.85670097604577,0.2286,114,10000,23.3185185185185,0.45,"analysis"
"2021-12-14","Beat Period","Sector 1","low energy half",2.02489968875973,0.1708,37,10000,25.1305555555556,0.35,"analysis"
"2021-12-14","Rotation","Both Sectors","low energy half",2.65641996185319,0.0762,118,10000,48.4490740740741,0.45,"analysis"
"2021-12-14","Beat Period","Sector 1","high energy half",0.754654708800253,0.9798,38,10000,25.1305555555556,0.35,"analysis"
"2021-12-14","Beat Period","Sector 27","total",0.79871132589281,0.952,114,10000,23.3185185185185,0.05,"analysis"
"2021-12-14","Rotation","Sector 27","low energy half",0.463496094283144,0.4144,81,10000,23.3185185185185,0.65,"analysis"
"2021-12-14","Rotation","Both Sectors","high energy half",1.26069267648768,0.5276,71,10000,48.4490740740741,0.75,"analysis"
"2021-12-14","Beat Period","Both Sectors","high energy half",1.68989046793196,0.2596,71,10000,48.4490740740741,0.75,"analysis"
"2021-12-14","Beat Period","Both Sectors","low energy half",0.934109848897549,0.7914,118,10000,48.4490740740741,0.45,"analysis"
"2021-12-14","Beat Period","Sector 1","total",0.940886694274724,0.739,75,10000,25.1305555555556,0.25,"analysis"
"2021-12-14","Beat Period","Sector 1","low energy half",1.35346593167208,0.4428,37,10000,25.1305555555556,0.45,"analysis"
"2021-12-14","Beat Period","Sector 1","high energy half",0.632989098789899,0.7612,38,10000,25.1305555555556,0.45,"analysis"
"2021-12-14","Beat Period","Sector 1","low energy half",0.505370359013646,0.5596,37,10000,25.1305555555556,0.55,"analysis"
"2021-12-14","Beat Period","Sector 1","high energy half",0.544425709079619,0.6104,38,10000,25.1305555555556,0.55,"analysis"
"2021-12-14","Rotation","Both Sectors","high energy half",4.09880465170396,0.0168,71,10000,48.4490740740741,0.85,"analysis"
"2021-12-14","Rotation","Sector 27","low energy half",0.590962297330549,0.6554,81,10000,23.3185185185185,0.75,"analysis"
"2021-12-14","Beat Period","Both Sectors","high energy half",1.41011208490335,0.376,71,10000,48.4490740740741,0.85,"analysis"
"2021-12-14","Rotation","Sector 27","total",0.847592058493703,0.958,114,10000,23.3185185185185,0.55,"analysis"
"2021-12-14","Beat Period","Sector 1","total",1.08204601570947,0.643,75,10000,25.1305555555556,0.35,"analysis"
"2021-12-14","Beat Period","Sector 1","low energy half",0.459908661320917,0.387,37,10000,25.1305555555556,0.65,"analysis"
"2021-12-14","Beat Period","Sector 1","high energy half",0.897494517022146,0.8594,38,10000,25.1305555555556,0.65,"analysis"
"2021-12-14","Beat Period","Sector 27","total",0.57675889034104,0.6326,114,10000,23.3185185185185,0.15,"analysis"
"2021-12-14","Rotation","Both Sectors","low energy half",0.816452307966031,0.9586,118,10000,48.4490740740741,0.55,"analysis"
"2021-12-14","Beat Period","Both Sectors","low energy half",0.676928975135382,0.8016,118,10000,48.4490740740741,0.55,"analysis"
"2021-12-14","Beat Period","Sector 1","low energy half",0.464970089906757,0.432,37,10000,25.1305555555556,0.75,"analysis"
"2021-12-14","Rotation","Both Sectors","high energy half",0.681478399308489,0.8582,71,10000,48.4490740740741,0.95,"analysis"
"2021-12-14","Beat Period","Sector 1","high energy half",1.03969983892423,0.7276,38,10000,25.1305555555556,0.75,"analysis"
"2021-12-14","Rotation","Both Sectors","total",0.778876518791265,0.9938,189,10000,48.4490740740741,0.35,"analysis"
"2021-12-14","Rotation","Sector 27","low energy half",1.23355482587303,0.5028,81,10000,23.3185185185185,0.85,"analysis"
"2021-12-14","Beat Period","Both Sectors","high energy half",0.921452757860777,0.8018,71,10000,48.4490740740741,0.95,"analysis"
"2021-12-14","Beat Period","Both Sectors","total",1.11699504153535,0.6108,189,10000,48.4490740740741,0.35,"analysis"
"2021-12-14","Beat Period","Sector 1","low energy half",1.81646794726181,0.188,37,10000,25.1305555555556,0.85,"analysis"
"2021-12-14","Beat Period","Sector 27","high energy half",2.56500253202132,0.1194,33,10000,23.3185185185185,0.05,"analysis"
"2021-12-14","Beat Period","Sector 1","total",0.781437794815105,0.9974,75,10000,25.1305555555556,0.45,"analysis"
"2021-12-14","Beat Period","Sector 1","high energy half",0.49175376610691,0.4742,38,10000,25.1305555555556,0.85,"analysis"
"2021-12-14","Rotation","Sector 27","total",1.25928165493572,0.46,114,10000,23.3185185185185,0.65,"analysis"
"2021-12-14","Beat Period","Sector 1","low energy half",0.999672525118747,0.7376,37,10000,25.1305555555556,0.95,"analysis"
"2021-12-14","Beat Period","Sector 27","high energy half",1.13814755250655,0.565,33,10000,23.3185185185185,0.15,"analysis"
"2021-12-14","Beat Period","Sector 27","total",0.892601055500421,0.8782,114,10000,23.3185185185185,0.25,"analysis"
"2021-12-14","Rotation","Both Sectors","low energy half",0.89774940864362,0.8132,118,10000,48.4490740740741,0.65,"analysis"
"2021-12-14","Beat Period","Sector 1","high energy half",0.692504844159558,0.8598,38,10000,25.1305555555556,0.95,"analysis"
"2021-12-14","Rotation","Sector 27","low energy half",2.5381637749696,0.11,81,10000,23.3185185185185,0.95,"analysis"
"2021-12-14","Beat Period","Sector 27","low energy half",1.24708073252864,0.5456,81,10000,23.3185185185185,0.05,"analysis"
"2021-12-14","Beat Period","Sector 27","high energy half",1.09936957632617,0.5868,33,10000,23.3185185185185,0.25,"analysis"
"2021-12-14","Beat Period","Both Sectors","low energy half",0.774927513806986,0.9744,118,10000,48.4490740740741,0.65,"analysis"
"2021-12-14","Beat Period","Sector 1","total",0.328046536711568,0.1752,75,10000,25.1305555555556,0.55,"analysis"
"2021-12-14","Beat Period","Sector 27","high energy half",3.46766663242562,0.0318,33,10000,23.3185185185185,0.35,"analysis"
"2021-12-14","Orbit","Both Sectors","high energy half",2.98669990779904,0.0574,71,10000,48.4490740740741,0.05,"analysis"
"2021-12-14","Rotation","Sector 27","total",1.51470909618715,0.3618,114,10000,23.3185185185185,0.75,"analysis"
"2021-12-14","Beat Period","Sector 27","total",0.595647073346484,0.7346,114,10000,23.3185185185185,0.35,"analysis"
"2021-12-14","Beat Period","Sector 27","low energy half",0.86620285816656,0.9032,81,10000,23.3185185185185,0.15,"analysis"
"2021-12-14","Beat Period","Sector 27","high energy half",3.33969452446716,0.0464,33,10000,23.3185185185185,0.45,"analysis"
"2021-12-14","Rotation","Both Sectors","total",0.979898086419439,0.7326,189,10000,48.4490740740741,0.45,"analysis"
"2021-12-14","Beat Period","Sector 1","total",0.596692723732872,0.6904,75,10000,25.1305555555556,0.65,"analysis"
"2021-12-14","Beat Period","Both Sectors","total",0.349274961825046,0.199,189,10000,48.4490740740741,0.45,"analysis"
"2021-12-14","Rotation","Both Sectors","low energy half",0.973940754904859,0.7396,118,10000,48.4490740740741,0.75,"analysis"
"2021-12-14","Orbit","Both Sectors","low energy half",0.715719957210581,0.9188,118,10000,48.4490740740741,0.05,"analysis"
"2021-12-14","Beat Period","Sector 27","high energy half",0.829026513752623,0.9422,33,10000,23.3185185185185,0.55,"analysis"
"2021-12-14","Beat Period","Both Sectors","low energy half",1.30755303125677,0.4496,118,10000,48.4490740740741,0.75,"analysis"
"2021-12-14","Orbit","Both Sectors","high energy half",2.67809469715677,0.0722,71,10000,48.4490740740741,0.15,"analysis"
"2021-12-14","Orbit","Both Sectors","total",1.9024690315012,0.1814,189,10000,48.4490740740741,0.05,"analysis"
"2021-12-14","Beat Period","Sector 27","high energy half",1.31706480069696,0.4542,33,10000,23.3185185185185,0.65,"analysis"
"2021-12-14","Beat Period","Sector 1","total",0.540934398399713,0.589,75,10000,25.1305555555556,0.75,"analysis"
"2021-12-14","Beat Period","Sector 27","low energy half",1.39844317595232,0.4368,81,10000,23.3185185185185,0.25,"analysis"
"2021-12-14","Rotation","Sector 27","total",5.26422628775752,0.0012,114,10000,23.3185185185185,0.85,"analysis"
"2021-12-14","Beat Period","Sector 27","total",0.749410981643095,0.9646,114,10000,23.3185185185185,0.45,"analysis"
"2021-12-14","Beat Period","Sector 27","high energy half",2.15894620927769,0.1574,33,10000,23.3185185185185,0.75,"analysis"
"2021-12-14","Rotation","Both Sectors","low energy half",3.08419261125121,0.044,118,10000,48.4490740740741,0.85,"analysis"
"2021-12-14","Orbit","Both Sectors","high energy half",3.82736603140467,0.0228,71,10000,48.4490740740741,0.25,"analysis"
"2021-12-14","Beat Period","Sector 1","total",0.769565214989271,0.993,75,10000,25.1305555555556,0.85,"analysis"
"2021-12-14","Beat Period","Both Sectors","low energy half",0.923654093552599,0.8314,118,10000,48.4490740740741,0.85,"analysis"
"2021-12-14","Beat Period","Sector 27","low energy half",1.00470915129156,0.6918,81,10000,23.3185185185185,0.35,"analysis"
"2021-12-14","Beat Period","Sector 27","high energy half",1.16933086430067,0.5838,33,10000,23.3185185185185,0.85,"analysis"
"2021-12-14","Orbit","Both Sectors","low energy half",1.54874695567234,0.353,118,10000,48.4490740740741,0.15,"analysis"
"2021-12-14","Rotation","Both Sectors","total",0.964803927655424,0.7396,189,10000,48.4490740740741,0.55,"analysis"
"2021-12-14","Beat Period","Sector 27","high energy half",0.856901258061441,0.8586,33,10000,23.3185185185185,0.95,"analysis"
"2021-12-14","Beat Period","Both Sectors","total",0.450255559452359,0.4028,189,10000,48.4490740740741,0.55,"analysis"
"2021-12-14","Orbit","Both Sectors","high energy half",2.36013594600099,0.1226,71,10000,48.4490740740741,0.35,"analysis"
"2021-12-14","Beat Period","Sector 27","total",0.608154845417019,0.693,114,10000,23.3185185185185,0.55,"analysis"
"2021-12-14","Beat Period","Sector 1","total",0.652207122949704,0.7528,75,10000,25.1305555555556,0.95,"analysis"
"2021-12-14","Beat Period","Sector 27","low energy half",0.60063378882694,0.6778,81,10000,23.3185185185185,0.45,"analysis"
"2021-12-14","Rotation","Both Sectors","low energy half",3.56341886025439,0.0204,118,10000,48.4490740740741,0.95,"analysis"
"2021-12-14","Rotation","Sector 27","total",1.6435718608398,0.2698,114,10000,23.3185185185185,0.95,"analysis"
"2021-12-14","Orbit","Both Sectors","total",1.70624649574398,0.278,189,10000,48.4490740740741,0.15,"analysis"
"2021-12-14","Orbit","Sector 1","high energy half",1.52933518406024,0.342,38,10000,25.1305555555556,0.05,"analysis"
"2021-12-14","Beat Period","Both Sectors","low energy half",1.23283931034044,0.5342,118,10000,48.4490740740741,0.95,"analysis"
"2021-12-14","Orbit","Sector 1","low energy half",4.09264145396407,0.0146,37,10000,25.1305555555556,0.05,"analysis"
"2021-12-14","Orbit","Both Sectors","high energy half",3.94338231887041,0.0156,71,10000,48.4490740740741,0.45,"analysis"
"2021-12-14","Orbit","Both Sectors","low energy half",1.57667280698425,0.3604,118,10000,48.4490740740741,0.25,"analysis"
"2021-12-14","Orbit","Sector 1","total",4.61904612411296,0.0076,75,10000,25.1305555555556,0.05,"analysis"
"2021-12-14","Orbit","Sector 1","high energy half",1.21317321545204,0.456,38,10000,25.1305555555556,0.15,"analysis"
"2021-12-14","Orbit","Sector 27","high energy half",1.32644100728437,0.4604,33,10000,23.3185185185185,0.05,"analysis"
"2021-12-14","Orbit","Sector 1","low energy half",2.92184735805833,0.0484,37,10000,25.1305555555556,0.15,"analysis"
"2021-12-14","Beat Period","Sector 27","low energy half",0.727106610675818,0.94,81,10000,23.3185185185185,0.55,"analysis"
"2021-12-14","Beat Period","Sector 27","total",1.18673522971172,0.4954,114,10000,23.3185185185185,0.65,"analysis"
"2021-12-14","Orbit","Sector 1","high energy half",1.88923719021092,0.2332,38,10000,25.1305555555556,0.25,"analysis"
"2021-12-14","Orbit","Sector 27","high energy half",1.39233482784399,0.4054,33,10000,23.3185185185185,0.15,"analysis"
"2021-12-14","Orbit","Both Sectors","high energy half",2.0629054370113,0.1698,71,10000,48.4490740740741,0.55,"analysis"
"2021-12-14","Orbit","Sector 1","low energy half",1.11851610610859,0.6138,37,10000,25.1305555555556,0.25,"analysis"
"2021-12-14","Orbit","Sector 27","total",0.83755971375551,0.9268,114,10000,23.3185185185185,0.05,"analysis"
"2021-12-14","Orbit","Sector 1","total",1.18954299397041,0.5528,75,10000,25.1305555555556,0.15,"analysis"
"2021-12-14","Orbit","Sector 1","high energy half",1.22699614002354,0.4354,38,10000,25.1305555555556,0.35,"analysis"
"2021-12-14","Rotation","Both Sectors","total",0.922675006206305,0.7992,189,10000,48.4490740740741,0.65,"analysis"
"2021-12-14","Orbit","Sector 27","high energy half",1.25830227427285,0.5106,33,10000,23.3185185185185,0.25,"analysis"
"2021-12-14","Beat Period","Both Sectors","total",1.47211079049447,0.3422,189,10000,48.4490740740741,0.65,"analysis"
"2021-12-14","Orbit","Sector 1","low energy half",1.05656124743838,0.6412,37,10000,25.1305555555556,0.35,"analysis"
"2021-12-14","Beat Period","Sector 27","low energy half",0.974844734686982,0.7164,81,10000,23.3185185185185,0.65,"analysis"
"2021-12-14","Orbit","Sector 1","high energy half",3.57999322852519,0.018,38,10000,25.1305555555556,0.45,"analysis"
"2021-12-14","Orbit","Both Sectors","high energy half",2.82379319830696,0.0642,71,10000,48.4490740740741,0.65,"analysis"
"2021-12-14","Orbit","Both Sectors","low energy half",1.06252961858829,0.6532,118,10000,48.4490740740741,0.35,"analysis"
"2021-12-14","Orbit","Sector 27","high energy half",1.13248008236061,0.6106,33,10000,23.3185185185185,0.35,"analysis"
"2021-12-14","Beat Period","Sector 27","total",0.840049435987154,0.9022,114,10000,23.3185185185185,0.75,"analysis"
"2021-12-14","Orbit","Both Sectors","total",4.49572103470834,0.02,189,10000,48.4490740740741,0.25,"analysis"
"2021-12-14","Orbit","Sector 1","low energy half",1.05656124743838,0.6276,37,10000,25.1305555555556,0.45,"analysis"
"2021-12-14","Orbit","Sector 1","total",2.02856466698469,0.1886,75,10000,25.1305555555556,0.25,"analysis"
"2021-12-14","Orbit","Sector 27","high energy half",1.40804311469836,0.372,33,10000,23.3185185185185,0.45,"analysis"
"2021-12-14","Orbit","Sector 1","high energy half",1.52732721472706,0.3778,38,10000,25.1305555555556,0.55,"analysis"
"2021-12-14","Orbit","Sector 27","total",1.26102266984771,0.4458,114,10000,23.3185185185185,0.15,"analysis"
"2021-12-14","Orbit","Sector 1","low energy half",0.705129284985183,0.9064,37,10000,25.1305555555556,0.55,"analysis"
"2021-12-14","Orbit","Sector 27","high energy half",1.23721215301184,0.501,33,10000,23.3185185185185,0.55,"analysis"
"2021-12-14","Orbit","Both Sectors","high energy half",3.54595890625599,0.0334,71,10000,48.4490740740741,0.75,"analysis"
"2021-12-14","Beat Period","Sector 27","low energy half",0.980562904781394,0.7376,81,10000,23.3185185185185,0.75,"analysis"
"2021-12-14","Orbit","Sector 1","high energy half",2.09499630378563,0.1722,38,10000,25.1305555555556,0.65,"analysis"
"2021-12-14","Orbit","Sector 1","low energy half",1.69989429624884,0.2916,37,10000,25.1305555555556,0.65,"analysis"
"2021-12-14","Orbit","Sector 27","high energy half",1.87376798726211,0.2228,33,10000,23.3185185185185,0.65,"analysis"
"2021-12-14","Orbit","Sector 1","total",2.53262719237766,0.1012,75,10000,25.1305555555556,0.35,"analysis"
"2021-12-14","Beat Period","Sector 27","total",0.653752691043124,0.7608,114,10000,23.3185185185185,0.85,"analysis"
"2021-12-14","Orbit","Sector 1","high energy half",2.45009842695912,0.1092,38,10000,25.1305555555556,0.75,"analysis"
"2021-12-14","Orbit","Sector 27","high energy half",1.62546017248991,0.2786,33,10000,23.3185185185185,0.75,"analysis"
"2021-12-14","Orbit","Both Sectors","low energy half",1.29651030926679,0.4668,118,10000,48.4490740740741,0.45,"analysis"
"2021-12-14","Orbit","Both Sectors","high energy half",2.65599935983897,0.0908,71,10000,48.4490740740741,0.85,"analysis"
"2021-12-14","Beat Period","Both Sectors","total",1.42193257584589,0.4252,189,10000,48.4490740740741,0.75,"analysis"
"2021-12-14","Orbit","Sector 1","low energy half",1.09748640815506,0.5844,37,10000,25.1305555555556,0.75,"analysis"
"2021-12-14","Beat Period","Sector 27","low energy half",0.472499909198405,0.459,81,10000,23.3185185185185,0.85,"analysis"
"2021-12-14","Rotation","Both Sectors","total",1.3071682453006,0.4096,189,10000,48.4490740740741,0.75,"analysis"
"2021-12-14","Orbit","Sector 1","high energy half",2.84331775817941,0.0504,38,10000,25.1305555555556,0.85,"analysis"
"2021-12-14","Orbit","Sector 27","total",3.15646960774414,0.0434,114,10000,23.3185185185185,0.25,"analysis"
"2021-12-14","Orbit","Sector 27","high energy half",0.800407249538736,0.9738,33,10000,23.3185185185185,0.85,"analysis"
"2021-12-14","Orbit","Both Sectors","total",2.87252879600777,0.0732,189,10000,48.4490740740741,0.35,"analysis"
"2021-12-14","Orbit","Sector 1","total",2.33566473393255,0.1044,75,10000,25.1305555555556,0.45,"analysis"
"2021-12-14","Orbit","Sector 1","low energy half",1.09891382052436,0.6262,37,10000,25.1305555555556,0.85,"analysis"
"2021-12-14","Orbit","Sector 1","high energy half",1.66538974962407,0.2568,38,10000,25.1305555555556,0.95,"analysis"
"2021-12-14","Orbit","Sector 27","high energy half",1.35378848959775,0.417,33,10000,23.3185185185185,0.95,"analysis"
"2021-12-14","Orbit","Both Sectors","high energy half",2.65220797270929,0.0752,71,10000,48.4490740740741,0.95,"analysis"
"2021-12-14","Orbit","Sector 1","low energy half",4.09264145396407,0.0218,37,10000,25.1305555555556,0.95,"analysis"
"2021-12-14","Beat Period","Sector 27","total",0.526019445977084,0.5512,114,10000,23.3185185185185,0.95,"analysis"
"2021-12-14","Beat Period","Sector 27","low energy half",0.675913408516379,0.835,81,10000,23.3185185185185,0.95,"analysis"
"2021-12-14","Orbit","Both Sectors","low energy half",1.9844496921113,0.177,118,10000,48.4490740740741,0.55,"analysis"
"2021-12-14","Orbit","Sector 1","total",1.21650737556082,0.5394,75,10000,25.1305555555556,0.55,"analysis"
"2021-12-14","Orbit","Sector 27","low energy half",1.05068430350826,0.6362,81,10000,23.3185185185185,0.05,"analysis"
"2021-12-14","Orbit","Sector 27","total",1.35863669831646,0.4254,114,10000,23.3185185185185,0.35,"analysis"
"2021-12-14","Beat Period","Both Sectors","total",0.887865467794313,0.8532,189,10000,48.4490740740741,0.85,"analysis"
"2021-12-14","Orbit","Sector 1","total",1.64150608826149,0.2872,75,10000,25.1305555555556,0.65,"analysis"
"2021-12-14","Rotation","Both Sectors","total",5.60119922780126,0.0008,189,10000,48.4490740740741,0.85,"analysis"
"2021-12-14","Orbit","Sector 27","low energy half",1.22254471718671,0.5094,81,10000,23.3185185185185,0.15,"analysis"
"2021-12-14","Orbit","Both Sectors","total",1.61402965216587,0.2624,189,10000,48.4490740740741,0.45,"analysis"
"2021-12-14","Orbit","Both Sectors","low energy half",1.14006807943609,0.55,118,10000,48.4490740740741,0.65,"analysis"
"2021-12-14","Orbit","Sector 27","total",1.20287539785514,0.5464,114,10000,23.3185185185185,0.45,"analysis"
"2021-12-14","Orbit","Sector 1","total",1.03196735934903,0.661,75,10000,25.1305555555556,0.75,"analysis"
"2021-12-14","Orbit","Sector 27","low energy half",2.47984649118339,0.0946,81,10000,23.3185185185185,0.25,"analysis"
"2021-12-14","Orbit","Sector 1","total",1.82827026969927,0.2338,75,10000,25.1305555555556,0.85,"analysis"
"2021-12-14","Orbit","Both Sectors","low energy half",0.578090876242456,0.6856,118,10000,48.4490740740741,0.75,"analysis"
"2021-12-14","Beat Period","Both Sectors","total",0.563456318971618,0.634,189,10000,48.4490740740741,0.95,"analysis"
"2021-12-14","Orbit","Sector 27","total",2.06230671313688,0.2004,114,10000,23.3185185185185,0.55,"analysis"
"2021-12-14","Rotation","Both Sectors","total",2.02686240930188,0.1764,189,10000,48.4490740740741,0.95,"analysis"
"2021-12-14","Orbit","Sector 27","low energy half",1.14652175313495,0.5822,81,10000,23.3185185185185,0.35,"analysis"
"2021-12-14","Orbit","Both Sectors","total",1.83873997554556,0.2286,189,10000,48.4490740740741,0.55,"analysis"
"2021-12-14","Orbit","Sector 1","total",2.18257475882343,0.163,75,10000,25.1305555555556,0.95,"analysis"
"2021-12-14","Orbit","Sector 27","low energy half",1.16387313937297,0.5754,81,10000,23.3185185185185,0.45,"analysis"
"2021-12-14","Orbit","Both Sectors","low energy half",2.56832334279005,0.0864,118,10000,48.4490740740741,0.85,"analysis"
"2021-12-14","Orbit","Sector 27","total",0.989834678111535,0.7194,114,10000,23.3185185185185,0.65,"analysis"
"2021-12-14","Orbit","Sector 27","low energy half",2.47228761792813,0.1034,81,10000,23.3185185185185,0.55,"analysis"
"2021-12-14","Orbit","Both Sectors","total",2.27021005197685,0.1364,189,10000,48.4490740740741,0.65,"analysis"
"2021-12-14","Orbit","Sector 27","total",0.978996570431349,0.7274,114,10000,23.3185185185185,0.75,"analysis"
"2021-12-14","Orbit","Both Sectors","low energy half",0.941877892331746,0.8202,118,10000,48.4490740740741,0.95,"analysis"
"2021-12-14","Orbit","Sector 27","low energy half",0.732864944721726,0.9128,81,10000,23.3185185185185,0.65,"analysis"
"2021-12-14","Orbit","Sector 27","low energy half",1.20174916855453,0.5256,81,10000,23.3185185185185,0.75,"analysis"
"2021-12-14","Orbit","Sector 27","total",2.87796388587424,0.0756,114,10000,23.3185185185185,0.85,"analysis"
"2021-12-14","Orbit","Sector 27","low energy half",3.94196473041255,0.0152,81,10000,23.3185185185185,0.85,"analysis"
"2021-12-14","Orbit","Both Sectors","total",1.4795278613127,0.3932,189,10000,48.4490740740741,0.75,"analysis"
"2021-12-14","Orbit","Sector 27","total",1.09408261894185,0.6314,114,10000,23.3185185185185,0.95,"analysis"
"2021-12-14","Orbit","Sector 27","low energy half",1.68634732765366,0.2892,81,10000,23.3185185185185,0.95,"analysis"
"2021-12-14","Orbit","Both Sectors","total",4.13635967463947,0.0198,189,10000,48.4490740740741,0.85,"analysis"
"2021-12-14","Orbit","Both Sectors","total",1.40142294031307,0.3838,189,10000,48.4490740740741,0.95,"analysis"
"2021-12-14","Rotation","Sector 1","total",1.06137045250105,0.6546,75,10000,25.1305555555556,0.65,"analysis"
"2021-12-14","Rotation","Sector 1","total",0.848238651115182,0.9066,75,10000,25.1305555555556,0.75,"analysis"
"2021-12-14","Rotation","Sector 1","total",1.64683253937822,0.246,75,10000,25.1305555555556,0.85,"analysis"
"2021-12-14","Rotation","Sector 1","total",2.41436457399448,0.1166,75,10000,25.1305555555556,0.95,"analysis"
"2021-12-20","Orbit","Both Sectors","high energy half",5.66040255571033,0.00278,142,200000,48.4490740740741,0.6,"discussion"
"2021-12-20","Orbit","Both Sectors","high energy half",3.85497435294326,0.01962,142,200000,48.4490740740741,0.5,"discussion"
"2021-12-20","Orbit","Both Sectors","high energy half",13.4319892150942,0,142,200000,48.4490740740741,0.3,"discussion"
"2021-12-20","Orbit","Both Sectors","high energy half",4.7482366696043,0.00717,142,200000,48.4490740740741,0.9,"discussion"
"2021-12-20","Orbit","Both Sectors","high energy half",3.95098344285262,0.01999,142,200000,48.4490740740741,0.4,"discussion"
"2021-12-20","Orbit","Both Sectors","high energy half",6.66454292143504,0.00122,142,200000,48.4490740740741,0.7,"discussion"
"2021-12-20","Orbit","Both Sectors","high energy half",7.06967547911773,0.00057,142,200000,48.4490740740741,0,"discussion"
"2021-12-20","Orbit","Both Sectors","high energy half",7.87224397020879,0.0002,142,200000,48.4490740740741,0.8,"discussion"
"2021-12-20","Orbit","Both Sectors","high energy half",9.21324618595526,0.00013,142,200000,48.4490740740741,0.1,"discussion"
"2021-12-20","Orbit","Both Sectors","high energy half",6.70290952013212,0.00062,142,200000,48.4490740740741,0.2,"discussion"
"2021-12-20","Orbit","Both Sectors","high energy half",4.37479849475466,0.01227,142,200000,48.4490740740741,0.55,"discussion"
"2021-12-20","Orbit","Both Sectors","high energy half",7.65524805013422,0.00026,142,200000,48.4490740740741,0.45,"discussion"
"2021-12-20","Orbit","Both Sectors","high energy half",4.20223024532044,0.01393,142,200000,48.4490740740741,0.35,"discussion"
"2021-12-20","Orbit","Both Sectors","high energy half",7.49270359001039,0.00056,142,200000,48.4490740740741,0.25,"discussion"
"2021-12-20","Orbit","Both Sectors","high energy half",4.60626649972897,0.00952,142,200000,48.4490740740741,0.15,"discussion"
"2021-12-20","Orbit","Both Sectors","high energy half",5.28604112080279,0.0048,142,200000,48.4490740740741,0.65,"discussion"
"2021-12-20","Orbit","Both Sectors","high energy half",4.59045635196253,0.00829,142,200000,48.4490740740741,0.95,"discussion"
"2021-12-20","Orbit","Both Sectors","high energy half",5.2482519300261,0.00407,142,200000,48.4490740740741,0.85,"discussion"
"2021-12-20","Orbit","Both Sectors","high energy half",6.04460508835672,0.00234,142,200000,48.4490740740741,0.75,"discussion"
"2021-12-20","Orbit","Both Sectors","high energy half",5.17060524282573,0.00447,142,200000,48.4490740740741,0.05,"discussion"
"2021-12-20","Rotation","Both Sectors","high energy half",1.31880132405612,0.45131,142,200000,48.4490740740741,0,"discussion"
"2021-12-20","Rotation","Both Sectors","high energy half",1.15371846753206,0.56859,142,200000,48.4490740740741,0.1,"discussion"
"2021-12-20","Rotation","Both Sectors","high energy half",1.20020927088794,0.53984,142,200000,48.4490740740741,0.2,"discussion"
"2021-12-20","Rotation","Both Sectors","high energy half",1.46140612641869,0.38447,142,200000,48.4490740740741,0.3,"discussion"
"2021-12-20","Rotation","Both Sectors","high energy half",1.17699700639969,0.55537,142,200000,48.4490740740741,0.4,"discussion"
"2021-12-20","Rotation","Both Sectors","high energy half",1.99486190471984,0.19439,142,200000,48.4490740740741,0.9,"discussion"
"2021-12-20","Rotation","Both Sectors","high energy half",8.7412684367068,2.00000000000955E-05,142,200000,48.4490740740741,0.8,"discussion"
"2021-12-20","Rotation","Both Sectors","high energy half",1.85850510038739,0.22325,142,200000,48.4490740740741,0.6,"discussion"
"2021-12-20","Rotation","Both Sectors","high energy half",1.20815360986575,0.5294,142,200000,48.4490740740741,0.5,"discussion"
"2021-12-20","Rotation","Both Sectors","high energy half",1.3087155687457,0.46086,142,200000,48.4490740740741,0.7,"discussion"
"2021-12-20","Rotation","Both Sectors","high energy half",1.91023346974362,0.2045,142,200000,48.4490740740741,0.15,"discussion"
"2021-12-20","Rotation","Both Sectors","high energy half",1.89517795978944,0.20761,142,200000,48.4490740740741,0.05,"discussion"
"2021-12-20","Rotation","Both Sectors","high energy half",1.22743312015763,0.52227,142,200000,48.4490740740741,0.25,"discussion"
"2021-12-20","Rotation","Both Sectors","high energy half",1.6866256082406,0.27654,142,200000,48.4490740740741,0.35,"discussion"
"2021-12-20","Rotation","Both Sectors","high energy half",1.0242829821936,0.69417,142,200000,48.4490740740741,0.55,"discussion"
"2021-12-20","Rotation","Both Sectors","high energy half",2.04912454844052,0.1623,142,200000,48.4490740740741,0.45,"discussion"
"2021-12-20","Rotation","Both Sectors","high energy half",7.98882967721096,0.00033,142,200000,48.4490740740741,0.85,"discussion"
"2021-12-20","Rotation","Both Sectors","high energy half",2.74300602723912,0.07357,142,200000,48.4490740740741,0.75,"discussion"
"2021-12-20","Rotation","Both Sectors","high energy half",1.13132461205402,0.58955,142,200000,48.4490740740741,0.65,"discussion"
"2021-12-20","Rotation","Both Sectors","high energy half",1.21531444514588,0.51024,142,200000,48.4490740740741,0.95,"discussion"
"2021-12-20","Orbit","Both Sectors","high energy half",11.7129173770448,0,213,300000,48.4490740740741,0.45,"discussion3x"
"2021-12-20","Rotation","Both Sectors","high energy half",1.67807292393718,0.274726666666667,213,300000,48.4490740740741,0.1,"discussion3x"
"2021-12-20","Rotation","Both Sectors","high energy half",1.94888127211337,0.19802,213,300000,48.4490740740741,0.3,"discussion3x"
"2021-12-20","Orbit","Both Sectors","high energy half",10.9397102658986,6.67E-06,213,300000,48.4490740740741,0.25,"discussion3x"
"2021-12-20","Rotation","Both Sectors","high energy half",1.85887250631015,0.2176,213,300000,48.4490740740741,0.2,"discussion3x"
"2021-12-20","Orbit","Both Sectors","high energy half",8.75661015349129,0.00014,213,300000,48.4490740740741,0.85,"discussion3x"
"2021-12-20","Orbit","Both Sectors","high energy half",6.76627073816775,0.001086666666667,213,300000,48.4490740740741,0.35,"discussion3x"
"2021-12-20","Orbit","Both Sectors","high energy half",6.2168280323271,0.001626666666667,213,300000,48.4490740740741,0.95,"discussion3x"
"2021-12-20","Orbit","Both Sectors","high energy half",9.10444542548765,3.33E-05,213,300000,48.4490740740741,0.65,"discussion3x"
"2021-12-20","Rotation","Both Sectors","high energy half",3.3419696576467,0.039973333333333,213,300000,48.4490740740741,0.9,"discussion3x"
"2021-12-20","Rotation","Both Sectors","high energy half",2.1866210397549,0.149646666666667,213,300000,48.4490740740741,0,"discussion3x"
"2021-12-20","Orbit","Both Sectors","high energy half",6.56185834773783,0.0014,213,300000,48.4490740740741,0.15,"discussion3x"
"2021-12-20","Orbit","Both Sectors","high energy half",5.79442924525927,0.00266,213,300000,48.4490740740741,0.55,"discussion3x"
"2021-12-20","Rotation","Both Sectors","high energy half",11.963858219338,6.67E-06,213,300000,48.4490740740741,0.8,"discussion3x"
"2021-12-20","Rotation","Both Sectors","high energy half",2.09342915545392,0.167306666666667,213,300000,48.4490740740741,0.5,"discussion3x"
2021-12-20,"Orbit","Both Sectors","high energy half",20.5426236477119,0,213,300000,48.4490740740741,0.3,"discussion3x"
2021-12-20,"Orbit","Both Sectors","high energy half",6.09517471700934,0.001746666666667,213,300000,48.4490740740741,0.4,"discussion3x"
2021-12-20,"Orbit","Both Sectors","high energy half",6.07081495528195,0.001693333333333,213,300000,48.4490740740741,0.5,"discussion3x"
2021-12-20,"Orbit","Both Sectors","high energy half",7.67731735853042,0.000246666666667,213,300000,48.4490740740741,0.2,"discussion3x"
2021-12-20,"Orbit","Both Sectors","high energy half",11.379394218474,0,213,300000,48.4490740740741,0.75,"discussion3x"
2021-12-20,"Orbit","Both Sectors","high energy half",7.36411712472628,0.000366666666667,213,300000,48.4490740740741,0.9,"discussion3x"
2021-12-20,"Orbit","Both Sectors","high energy half",8.83087691316626,8.00E-05,213,300000,48.4490740740741,0.7,"discussion3x"
2021-12-20,"Orbit","Both Sectors","high energy half",7.860490365293,0.000266666666667,213,300000,48.4490740740741,0,"discussion3x"
2021-12-20,"Orbit","Both Sectors","high energy half",9.33428076979033,6.00E-05,213,300000,48.4490740740741,0.6,"discussion3x"
2021-12-20,"Orbit","Both Sectors","high energy half",11.7790565273207,3.33E-05,213,300000,48.4490740740741,0.1,"discussion3x"
2021-12-20,"Orbit","Both Sectors","high energy half",11.1565236574374,6.67E-06,213,300000,48.4490740740741,0.8,"discussion3x"
2021-12-20,"Orbit","Both Sectors","high energy half",7.24866942287622,0.00046,213,300000,48.4490740740741,0.05,"discussion3x"
