tstamp,period,sector,subsample,D+,p+,D-,p-,D,p,nflares,totobs_days,phaseshift
2021-09-02,Orbit,Both Sectors,total,0.04761891943087,0.411350633348643,0.083947541365287,0.065813189072556,0.083947541365287,0.131590456075173,189,48.4490740740741,0
2021-09-02,Orbit,Both Sectors,total,0.024502645423968,0.784244826563491,0.107063815372189,0.012149669043294,0.107063815372189,0.024299608266984,189,48.4490740740741,0.1
2021-09-02,Orbit,Both Sectors,total,0.050277543819956,0.372150940859408,0.0812889169762,0.077864416857813,0.0812889169762,0.155658032895145,189,48.4490740740741,0.2
2021-09-02,Orbit,Both Sectors,total,0.124685452698027,0.002545202125362,0.006881008098129,0.977805938936946,0.124685452698027,0.005090404250723,189,48.4490740740741,0.3
2021-09-02,Orbit,Both Sectors,total,0.077809051081065,0.096247343056029,0.053757409715092,0.323799624780672,0.077809051081065,0.192328420289867,189,48.4490740740741,0.4
2021-09-02,Orbit,Both Sectors,total,0.060480523372669,0.241105257220485,0.071085937423488,0.141218344179131,0.071085937423488,0.281658998176228,189,48.4490740740741,0.5
2021-09-02,Orbit,Both Sectors,total,0.027626231903154,0.735936081924952,0.103940228893003,0.015634625796044,0.103940228893003,0.031269459891686,189,48.4490740740741,0.6
2021-09-02,Orbit,Both Sectors,total,0.033183501281229,0.645351576059045,0.098382959514928,0.024039095400751,0.098382959514928,0.04807786358678,189,48.4490740740741,0.7
2021-09-02,Orbit,Both Sectors,total,0.015523247034739,0.903633618668845,0.116043213761419,0.005644273107104,0.116043213761419,0.011288546214208,189,48.4490740740741,0.8
2021-09-02,Orbit,Both Sectors,total,0.032015614501934,0.664700600647581,0.099550846294223,0.022004269501871,0.099550846294223,0.044008407495233,189,48.4490740740741,0.9
2021-09-02,Orbit,Sector 1,total,0.02991267823588,0.857530657855112,0.153110054898493,0.026594071904961,0.153110054898493,0.053187343311804,75,25.1305555555556,0
2021-09-02,Orbit,Sector 1,total,0.01572381268192,0.953472576365577,0.167298920452452,0.013239426312216,0.167298920452452,0.02647880821904,75,25.1305555555556,0.1
2021-09-02,Orbit,Sector 1,total,0.077362661655798,0.387567820273445,0.105660071478575,0.174754970621235,0.105660071478575,0.347729667602248,75,25.1305555555556,0.2
2021-09-02,Orbit,Sector 1,total,0.154586787517041,0.024803925193719,0.028435945617332,0.869470450454542,0.154586787517041,0.049607250210932,75,25.1305555555556,0.3
2021-09-02,Orbit,Sector 1,total,0.135963302752294,0.056861582719431,0.047059430382079,0.695783726621924,0.135963302752294,0.113704894239024,75,25.1305555555556,0.4
2021-09-02,Orbit,Sector 1,total,0.104338086290115,0.182362628977839,0.078684646844258,0.375429219140298,0.104338086290115,0.362609146434661,75,25.1305555555556,0.5
2021-09-02,Orbit,Sector 1,total,0.046682141409676,0.699654219263716,0.136340591724697,0.055973117469722,0.136340591724697,0.111929106450997,75,25.1305555555556,0.6
2021-09-02,Orbit,Sector 1,total,0.068900924800118,0.469228289179225,0.114121808334254,0.131374319544495,0.114121808334254,0.262190018595864,75,25.1305555555556,0.7
2021-09-02,Orbit,Sector 1,total,0.061081758225563,0.549276611157585,0.12194097490881,0.098988363078391,0.12194097490881,0.197800362571595,75,25.1305555555556,0.8
2021-09-02,Orbit,Sector 1,total,0.028544268818393,0.868609871441157,0.15447846431598,0.024931611757777,0.15447846431598,0.049862610462268,75,25.1305555555556,0.9
2021-09-02,Orbit,Sector 27,total,0.093281169887871,0.129228275407852,0.058737864754007,0.438297379224923,0.093281169887871,0.257922196262296,114,23.3185185185185,0
2021-09-02,Orbit,Sector 27,total,0.061774985231503,0.402399497791611,0.090244049410375,0.147073542551116,0.090244049410375,0.293245637984451,114,23.3185185185185,0.1
2021-09-02,Orbit,Sector 27,total,0.059781586470942,0.425815998963685,0.092237448170936,0.135167119919676,0.092237448170936,0.269693415195201,114,23.3185185185185,0.2
2021-09-02,Orbit,Sector 27,total,0.134954628669832,0.014240065668763,0.017064405972046,0.925209755130232,0.134954628669832,0.028480064158631,114,23.3185185185185,0.3
2021-09-02,Orbit,Sector 27,total,0.071236053523262,0.300122201818081,0.080782981118616,0.214152616221769,0.080782981118616,0.424197903824593,114,23.3185185185185,0.4
2021-09-02,Orbit,Sector 27,total,0.060016523997414,0.423026803893897,0.092002510644464,0.136531680365483,0.092002510644464,0.272395974962693,114,23.3185185185185,0.5
2021-09-02,Orbit,Sector 27,total,0.043939761251923,0.625747387046116,0.108079273389955,0.064746709690768,0.108079273389955,0.129460959884536,114,23.3185185185185,0.6
2021-09-02,Orbit,Sector 27,total,0.043018471767092,0.637661348519488,0.109000562874785,0.061812955840613,0.109000562874785,0.123599025165239,114,23.3185185185185,0.7
2021-09-02,Orbit,Sector 27,total,0.020582025067433,0.895767324667421,0.131437009574444,0.017696672879975,0.131437009574444,0.035393182085928,114,23.3185185185185,0.8
2021-09-02,Orbit,Sector 27,total,0.060968116765867,0.411808704020255,0.091050917876011,0.142164105840755,0.091050917876011,0.283542344301152,114,23.3185185185185,0.9
2021-09-02,Orbit,Both Sectors,high energy half,0.043181877893153,0.746170701345879,0.183817511236403,0.007132775215916,0.183817511236403,0.014265547159876,71,48.4490740740741,0
2021-09-02,Orbit,Both Sectors,high energy half,0.037257719628114,0.801407295883604,0.189741669501442,0.005167488968975,0.189741669501442,0.010334977094887,71,48.4490740740741,0.1
2021-09-02,Orbit,Both Sectors,high energy half,0.106818355177857,0.184404826802445,0.120181033951698,0.118660416428279,0.120181033951698,0.236953179628951,71,48.4490740740741,0.2
2021-09-02,Orbit,Both Sectors,high energy half,0.212914882087302,0.001324418982304,0.014084507042254,0.96250857125044,0.212914882087302,0.002648837962014,71,48.4490740740741,0.3
2021-09-02,Orbit,Both Sectors,high energy half,0.131148488061366,0.07951138139155,0.09585090106819,0.254829601172795,0.131148488061366,0.158951099533069,71,48.4490740740741,0.4
2021-09-02,Orbit,Both Sectors,high energy half,0.105373867286636,0.192811173332816,0.121625521842919,0.112789583330702,0.121625521842919,0.225280218795661,71,48.4490740740741,0.5
2021-09-02,Orbit,Both Sectors,high energy half,0.035577365039928,0.816365797527948,0.191422024089627,0.00470706584466,0.191422024089627,0.009414131120562,71,48.4490740740741,0.6
2021-09-02,Orbit,Both Sectors,high energy half,0.02973677503063,0.865024786984393,0.197262614098926,0.003380923421696,0.197262614098926,0.006761846703,71,48.4490740740741,0.7
2021-09-02,Orbit,Both Sectors,high energy half,0.007304329208649,0.987842917277392,0.219695059920907,0.000862538076644,0.219695059920907,0.00172507615288,71,48.4490740740741,0.8
2021-09-02,Orbit,Both Sectors,high energy half,0.034559202835298,0.825244716184807,0.192440186294257,0.004446466889978,0.192440186294257,0.008892933332738,71,48.4490740740741,0.9
2021-09-02,Orbit,Sector 1,high energy half,0.05580797356495,0.761403005980753,0.191575573176336,0.053683315268165,0.191575573176336,0.107354163301106,38,25.1305555555556,0
2021-09-02,Orbit,Sector 1,high energy half,0.088238031798852,0.523062249279817,0.159145514942435,0.13119633680634,0.159145514942435,0.261872002142417,38,25.1305555555556,0.1
2021-09-02,Orbit,Sector 1,high energy half,0.152731641195395,0.153522485884259,0.094651905545892,0.476472493890356,0.152731641195395,0.306048209806659,38,25.1305555555556,0.2
2021-09-02,Orbit,Sector 1,high energy half,0.132224697922545,0.243056311208314,0.115158848818742,0.338987689085278,0.132224697922545,0.479536233263954,38,25.1305555555556,0.3
2021-09-02,Orbit,Sector 1,high energy half,0.141858598081365,0.197470754240029,0.105524948659922,0.401002768133929,0.141858598081365,0.392132752126445,38,25.1305555555556,0.4
2021-09-02,Orbit,Sector 1,high energy half,0.096205197419325,0.465392469216088,0.151178349321962,0.159323854041916,0.151178349321962,0.317486185165829,38,25.1305555555556,0.5
2021-09-02,Orbit,Sector 1,high energy half,0.018674407916553,0.962969764301245,0.228709138824734,0.015708947535644,0.228709138824734,0.031417829706073,38,25.1305555555556,0.6
2021-09-02,Orbit,Sector 1,high energy half,0.042520637838656,0.848216895197359,0.204862908902631,0.035474786877216,0.204862908902631,0.070947416225274,38,25.1305555555556,0.7
2021-09-02,Orbit,Sector 1,high energy half,0.009433193905511,0.986648523674723,0.237950352835776,0.011175933785308,0.237950352835776,0.022351852710301,38,25.1305555555556,0.8
2021-09-02,Orbit,Sector 1,high energy half,0.015492195726411,0.972638064854885,0.231891351014876,0.01399307356484,0.231891351014876,0.027986107558533,38,25.1305555555556,0.9
2021-09-02,Orbit,Sector 27,high energy half,0.049900610296099,0.821845626572089,0.204074977859921,0.055403602296943,0.204074977859921,0.110793604842177,33,23.3185185185185,0
2021-09-02,Orbit,Sector 27,high energy half,-2.22044604925031E-16,1,0.25397558815602,0.011528955810792,0.25397558815602,0.023057896653359,33,23.3185185185185,0.1
2021-09-02,Orbit,Sector 27,high energy half,0.061080748719726,0.751519735065485,0.192894839436294,0.07507663660307,0.192894839436294,0.150104049098616,33,23.3185185185185,0.2
2021-09-02,Orbit,Sector 27,high energy half,0.22367255785299,0.031187342898755,0.03030303030303,0.92122918672783,0.22367255785299,0.062373523843518,33,23.3185185185185,0.3
2021-09-02,Orbit,Sector 27,high energy half,0.121798412171268,0.347505417050429,0.132177175984752,0.289949640759057,0.132177175984752,0.566488092919919,33,23.3185185185185,0.4
2021-09-02,Orbit,Sector 27,high energy half,0.112560644565092,0.403329327035376,0.141414943590928,0.243811942113476,0.141414943590928,0.481023274722658,33,23.3185185185185,0.5
2021-09-02,Orbit,Sector 27,high energy half,0.012171628932271,0.982074064844685,0.24180395922375,0.017466207399646,0.24180395922375,0.034932321350502,33,23.3185185185185,0.6
2021-09-02,Orbit,Sector 27,high energy half,0.012171628932271,0.982074064844685,0.24180395922375,0.017466207399646,0.24180395922375,0.034932321350502,33,23.3185185185185,0.7
2021-09-02,Orbit,Sector 27,high energy half,0.026365345000193,0.9393687096673,0.227610243155828,0.027606638381691,0.227610243155828,0.055212590698857,33,23.3185185185185,0.8
2021-09-02,Orbit,Sector 27,high energy half,0.070963466462593,0.685555049776626,0.183012121693427,0.09680813631236,0.183012121693427,0.193472933828407,33,23.3185185185185,0.9
2021-09-02,Orbit,Both Sectors,low energy half,0.066641513587141,0.335679177390555,0.04444740709424,0.609461478870353,0.066641513587141,0.646342264731069,118,48.4490740740741,0
2021-09-02,Orbit,Both Sectors,low energy half,0.024416022734655,0.854943476322316,0.086672897946727,0.160356477180733,0.086672897946727,0.319433133126959,118,48.4490740740741,0.1
2021-09-02,Orbit,Both Sectors,low energy half,0.025709474604121,0.841274366489978,0.085379446077261,0.169162651578915,0.085379446077261,0.336737212753024,118,48.4490740740741,0.2
2021-09-02,Orbit,Both Sectors,low energy half,0.079771608175583,0.211334256688701,0.031317312505799,0.777289219144206,0.079771608175583,0.418771592361948,118,48.4490740740741,0.3
2021-09-02,Orbit,Both Sectors,low energy half,0.059751560457637,0.414162834089326,0.051337360223744,0.519238140144755,0.059751560457637,0.770576859727621,118,48.4490740740741,0.4
2021-09-02,Orbit,Both Sectors,low energy half,0.019984609370564,0.898203161364842,0.091104311310817,0.132714428280975,0.091104311310817,0.264832920652423,118,48.4490740740741,0.5
2021-09-02,Orbit,Both Sectors,low energy half,0.018284205620163,0.91309418916082,0.092804715061218,0.123114800603416,0.092804715061218,0.245789693823195,118,48.4490740740741,0.6
2021-09-02,Orbit,Both Sectors,low energy half,0.051527628824108,0.516781356327157,0.059561291857273,0.416439954535853,0.059561291857273,0.773864987728748,118,48.4490740740741,0.7
2021-09-02,Orbit,Both Sectors,low energy half,0.011052917184077,0.964536932824796,0.100036003497304,0.088094827833343,0.100036003497304,0.176076172861376,118,48.4490740740741,0.8
2021-09-02,Orbit,Both Sectors,low energy half,0.042679183707291,0.632750389052102,0.06840973697409,0.316906932795647,0.06840973697409,0.613945843750291,118,48.4490740740741,0.9
2021-09-02,Orbit,Sector 1,low energy half,-2.22044604925031E-16,1,0.281172794326326,0.002215134913969,0.281172794326326,0.004430269817579,37,25.1305555555556,0
2021-09-02,Orbit,Sector 1,low energy half,-2.22044604925031E-16,1,0.281172794326326,0.002215134913969,0.281172794326326,0.004430269817579,37,25.1305555555556,0.1
2021-09-02,Orbit,Sector 1,low energy half,0.076555166861346,0.617122820451227,0.20461762746498,0.038910728288493,0.20461762746498,0.077818294679053,37,25.1305555555556,0.2
2021-09-02,Orbit,Sector 1,low energy half,0.170574686546832,0.103468766099984,0.110598107779494,0.376840255812928,0.170574686546832,0.206743986503559,37,25.1305555555556,0.3
2021-09-02,Orbit,Sector 1,low energy half,0.106473999145603,0.403747274713536,0.174698795180723,0.092786739992124,0.174698795180723,0.185450579446982,37,25.1305555555556,0.4
2021-09-02,Orbit,Sector 1,low energy half,0.109515174509095,0.383822208918524,0.171657619817231,0.100575566865974,0.171657619817231,0.200979147309266,37,25.1305555555556,0.5
2021-09-02,Orbit,Sector 1,low energy half,0.120688058457484,0.314924648962005,0.160484735868841,0.133605113412885,0.160484735868841,0.266650831555179,37,25.1305555555556,0.6
2021-09-02,Orbit,Sector 1,low energy half,0.171375310316396,0.101323659927403,0.10979748400993,0.381996207131707,0.171375310316396,0.202469942155151,37,25.1305555555556,0.7
2021-09-02,Orbit,Sector 1,low energy half,0.134241901899689,0.241577764676607,0.146930892426637,0.183798046535418,0.146930892426637,0.365509395785735,37,25.1305555555556,0.8
2021-09-02,Orbit,Sector 1,low energy half,-2.22044604925031E-16,1,0.281172794326326,0.002215134913969,0.281172794326326,0.004430269817579,37,25.1305555555556,0.9
2021-09-02,Orbit,Sector 27,low energy half,0.121589055171224,0.08394304422457,0.026912786091895,0.873789597462191,0.121589055171224,0.167795435620585,81,23.3185185185185,0
2021-09-02,Orbit,Sector 27,low energy half,0.093981505992439,0.22481405765416,0.054520335270679,0.596389273239718,0.093981505992439,0.444676980998457,81,23.3185185185185,0.1
2021-09-02,Orbit,Sector 27,low energy half,0.058849705672424,0.549273993851397,0.089652135590694,0.25649299531305,0.089652135590694,0.504554666171982,81,23.3185185185185,0.2
2021-09-02,Orbit,Sector 27,low energy half,0.083930175145497,0.302456897348053,0.064571666117621,0.488083915623765,0.083930175145497,0.588533925974255,81,23.3185185185185,0.3
2021-09-02,Orbit,Sector 27,low energy half,0.052110540496023,0.62270315756485,0.096391300767095,0.20835450093226,0.096391300767095,0.413068216893748,81,23.3185185185185,0.4
2021-09-02,Orbit,Sector 27,low energy half,0.034393285174204,0.807277070452086,0.114108556088914,0.112370463822192,0.114108556088914,0.224443524011735,81,23.3185185185185,0.5
2021-09-02,Orbit,Sector 27,low energy half,0.029362656281864,0.853157741044567,0.119139184981254,0.092544348419111,0.119139184981254,0.184953769906923,81,23.3185185185185,0.6
2021-09-02,Orbit,Sector 27,low energy half,0.057031360299308,0.56901271105335,0.09147048096381,0.242858671064502,0.09147048096381,0.478954139041918,81,23.3185185185185,0.7
2021-09-02,Orbit,Sector 27,low energy half,0.000367664360676,0.999621362909419,0.148134176902443,0.025684964928716,0.148134176902443,0.051369224253078,81,23.3185185185185,0.8
2021-09-02,Orbit,Sector 27,low energy half,0.063934871444931,0.494802020572613,0.084566969818188,0.297115989154027,0.084566969818188,0.578985048372561,81,23.3185185185185,0.9
2021-09-02,Rotation,Both Sectors,total,0.0555287567024,0.300592541992132,0.070102779050315,0.148932106899441,0.070102779050315,0.296901040422304,189,48.4490740740741,0
2021-09-02,Rotation,Both Sectors,total,0.100585048259107,0.020328911988082,0.025046487493607,0.776023126883383,0.100585048259107,0.040657817693456,189,48.4490740740741,0.1
2021-09-02,Rotation,Both Sectors,total,0.101498011738483,0.018943387349248,0.024133524014232,0.789774103224596,0.101498011738483,0.037886850780356,189,48.4490740740741,0.2
2021-09-02,Rotation,Both Sectors,total,0.079885262982906,0.084908389379306,0.045746272769809,0.439998797482808,0.079885262982906,0.169716412560208,189,48.4490740740741,0.3
2021-09-02,Rotation,Both Sectors,total,0.058924030371678,0.258929293594603,0.066707505381037,0.177950631168028,0.066707505381037,0.35393086672628,189,48.4490740740741,0.4
2021-09-02,Rotation,Both Sectors,total,0.086607493465741,0.055323335877366,0.039024042286973,0.548166743422925,0.086607493465741,0.110628898617084,189,48.4490740740741,0.5
2021-09-02,Rotation,Both Sectors,total,0.095141444185514,0.030560159870384,0.030490091567201,0.689778904445774,0.095141444185514,0.06111894109637,189,48.4490740740741,0.6
2021-09-02,Rotation,Both Sectors,total,0.076449730957297,0.10429366739508,0.049181804795418,0.388084497570868,0.076449730957297,0.208357632675694,189,48.4490740740741,0.7
2021-09-02,Rotation,Both Sectors,total,0.024208543033215,0.788653776894425,0.1014229927195,0.019054043953716,0.1014229927195,0.038108158057485,189,48.4490740740741,0.8
2021-09-02,Rotation,Both Sectors,total,0.048732514337006,0.394709568902083,0.076899021415708,0.101578163118369,0.076899021415708,0.202949765759339,189,48.4490740740741,0.9
2021-09-02,Rotation,Sector 1,total,0.023724254817435,0.904818450393771,0.121127445562065,0.102035483420344,0.121127445562065,0.203871391729976,75,25.1305555555556,0
2021-09-02,Rotation,Sector 1,total,0.049121255664861,0.67450263243862,0.095730444714638,0.237575534508546,0.095730444714638,0.468976714372234,75,25.1305555555556,0.1
2021-09-02,Rotation,Sector 1,total,0.068964297557201,0.468594415435963,0.075887402822298,0.401327874937951,0.075887402822298,0.751883436547304,75,25.1305555555556,0.2
2021-09-02,Rotation,Sector 1,total,0.081898235142405,0.346720302333616,0.062953465237095,0.529839233168664,0.081898235142405,0.665130821006873,75,25.1305555555556,0.3
2021-09-02,Rotation,Sector 1,total,0.104145020448768,0.183492898893333,0.040706679930732,0.759571042673123,0.104145020448768,0.364816004607467,75,25.1305555555556,0.4
2021-09-02,Rotation,Sector 1,total,0.115628016653771,0.124583498642212,0.029223683725729,0.863156552157853,0.115628016653771,0.248716873233754,75,25.1305555555556,0.5
2021-09-02,Rotation,Sector 1,total,0.131518367046166,0.068228983188386,0.013333333333334,0.964468701890777,0.131518367046166,0.13641941474398,75,25.1305555555556,0.6
2021-09-02,Rotation,Sector 1,total,0.094973656092259,0.242903793848344,0.049878044287241,0.666643925895226,0.094973656092259,0.479054185693818,75,25.1305555555556,0.7
2021-09-02,Rotation,Sector 1,total,0.018208614273608,0.940281082261572,0.126643086105891,0.082748432777786,0.126643086105891,0.165412004140512,75,25.1305555555556,0.8
2021-09-02,Rotation,Sector 1,total,0.037332449062304,0.791841226834319,0.107519251317195,0.164442092779277,0.107519251317195,0.327493275547762,75,25.1305555555556,0.9
2021-09-02,Rotation,Sector 27,total,0.090303611036804,0.146706913874673,0.067953197797543,0.333815742011456,0.090303611036804,0.292521427320283,114,23.3185185185185,0
2021-09-02,Rotation,Sector 27,total,0.149484879009786,0.005458224461017,0.008771929824561,0.976465612085525,0.149484879009786,0.010916447621362,114,23.3185185185185,0.1
2021-09-02,Rotation,Sector 27,total,0.121519127989924,0.031660722781717,0.036737680844424,0.717711235289816,0.121519127989924,0.063319681271342,114,23.3185185185185,0.2
2021-09-02,Rotation,Sector 27,total,0.074503583450367,0.268642752605127,0.083753225383981,0.191168116922736,0.083753225383981,0.379737604378615,114,23.3185185185185,0.3
2021-09-02,Rotation,Sector 27,total,0.033256112207138,0.760418868133196,0.12500069662721,0.0259478300405,0.12500069662721,0.051894877069506,114,23.3185185185185,0.4
2021-09-02,Rotation,Sector 27,total,0.080929098675851,0.212980036758987,0.077327710158497,0.243147217029123,0.080929098675851,0.421942635810067,114,23.3185185185185,0.5
2021-09-02,Rotation,Sector 27,total,0.051854491294946,0.523720274049344,0.106402317539401,0.070377898087675,0.106402317539401,0.140710254043162,114,23.3185185185185,0.6
2021-09-02,Rotation,Sector 27,total,0.073715523919392,0.276042473547139,0.084541284914956,0.185369254570158,0.084541284914956,0.368443556118307,114,23.3185185185185,0.7
2021-09-02,Rotation,Sector 27,total,0.026700501850243,0.835244987714746,0.131556306984105,0.01756838532916,0.131556306984105,0.035136611788883,114,23.3185185185185,0.8
2021-09-02,Rotation,Sector 27,total,0.069902883200696,0.3135610458411,0.088353925633652,0.1590614805129,0.088353925633652,0.316885800027131,114,23.3185185185185,0.9
2021-09-02,Rotation,Both Sectors,high energy half,0.072684602892418,0.450599980979968,0.081832993295899,0.366435663022356,0.081832993295899,0.697573005975015,71,48.4490740740741,0
2021-09-02,Rotation,Both Sectors,high energy half,0.118358438681586,0.12639726843031,0.03615915750673,0.811227872806493,0.118358438681586,0.252318969953497,71,48.4490740740741,0.1
2021-09-02,Rotation,Both Sectors,high energy half,0.124000318593105,0.103626386099755,0.030517277595212,0.858869076090722,0.124000318593105,0.207041195998859,71,48.4490740740741,0.2
2021-09-02,Rotation,Both Sectors,high energy half,0.122101812247073,0.110903535167227,0.032415783941243,0.843421674265441,0.122101812247073,0.221527991192492,71,48.4490740740741,0.3
2021-09-02,Rotation,Both Sectors,high energy half,0.115941050094378,0.137239579202203,0.038576546093938,0.78942764928722,0.115941050094378,0.27381428862563,71,48.4490740740741,0.4
2021-09-02,Rotation,Both Sectors,high energy half,0.087601199095063,0.31771925822917,0.066916397093253,0.507081913514581,0.087601199095063,0.615522880474259,71,48.4490740740741,0.5
2021-09-02,Rotation,Both Sectors,high energy half,0.116291966154208,0.135623960806411,0.038225630034108,0.792634421620851,0.116291966154208,0.270614337646802,71,48.4490740740741,0.6
2021-09-02,Rotation,Both Sectors,high energy half,0.090321600426135,0.296067239089334,0.064195995762181,0.534362485080012,0.090321600426135,0.57714472324692,71,48.4490740740741,0.7
2021-09-02,Rotation,Both Sectors,high energy half,0,1,0.154517596188316,0.030154165385399,0.154517596188316,0.060307002276444,71,48.4490740740741,0.8
2021-09-02,Rotation,Both Sectors,high energy half,0.065407881854562,0.522168763440451,0.089109714333754,0.305604246581192,0.089109714333754,0.594177041097312,71,48.4490740740741,0.9
2021-09-02,Rotation,Sector 1,high energy half,0.001230416596371,0.998712309585108,0.214118666845072,0.026141809990649,0.214118666845072,0.052283033680929,38,25.1305555555556,0
2021-09-02,Rotation,Sector 1,high energy half,0.045938461717464,0.826901798011604,0.169410621723979,0.100662586788962,0.169410621723979,0.201151737439653,38,25.1305555555556,0.1
2021-09-02,Rotation,Sector 1,high energy half,0,1,0.215349083441443,0.025076090995972,0.215349083441443,0.050151691449757,38,25.1305555555556,0.2
2021-09-02,Rotation,Sector 1,high energy half,0.104562140401296,0.407472190678108,0.110786943040147,0.36649042652396,0.110786943040147,0.69810626020563,38,25.1305555555556,0.3
2021-09-02,Rotation,Sector 1,high energy half,0.153581006789107,0.150416069811713,0.061768076652336,0.719311688302723,0.153581006789107,0.29991601131708,38,25.1305555555556,0.4
2021-09-02,Rotation,Sector 1,high energy half,0.128137853199374,0.264293594094383,0.087211230242069,0.530624832753906,0.128137853199374,0.519329330627046,38,25.1305555555556,0.5
2021-09-02,Rotation,Sector 1,high energy half,0.165515756895278,0.111523932557603,0.049833326546165,0.801549501792544,0.165515756895278,0.222782346174225,38,25.1305555555556,0.6
2021-09-02,Rotation,Sector 1,high energy half,0.141602624888739,0.198600507314563,0.073746458552704,0.630917568953878,0.141602624888739,0.394325713707366,38,25.1305555555556,0.7
2021-09-02,Rotation,Sector 1,high energy half,0.06508409301135,0.695183983631682,0.150264990430093,0.162808344345005,0.150264990430093,0.324346830285877,38,25.1305555555556,0.8
2021-09-02,Rotation,Sector 1,high energy half,0.079645477128213,0.586867101314486,0.13570360631323,0.225867468503249,0.13570360631323,0.446862983496159,38,25.1305555555556,0.9
2021-09-02,Rotation,Sector 27,high energy half,0.183210359631897,0.096328448159758,0.1184885304763,0.367042491134512,0.183210359631897,0.192516511326005,33,23.3185185185185,0
2021-09-02,Rotation,Sector 27,high energy half,0.261474637576528,0.008831669742785,0.04022425253167,0.875798647673069,0.261474637576528,0.017663334918,33,23.3185185185185,0.1
2021-09-02,Rotation,Sector 27,high energy half,0.267210602691464,0.007163554347322,0.034488287416734,0.903353594710922,0.267210602691464,0.014327106908772,33,23.3185185185185,0.2
2021-09-02,Rotation,Sector 27,high energy half,0.123569919333102,0.337274513415952,0.178128970775095,0.109222607746989,0.178128970775095,0.218207699055049,33,23.3185185185185,0.3
2021-09-02,Rotation,Sector 27,high energy half,0.135478334007162,0.272895617137997,0.166220556101036,0.144595355728493,0.166220556101036,0.288426456027115,33,23.3185185185185,0.4
2021-09-02,Rotation,Sector 27,high energy half,0.094230102806977,0.524170092692641,0.207468787301221,0.050348643294248,0.207468787301221,0.100688234463435,33,23.3185185185185,0.5
2021-09-02,Rotation,Sector 27,high energy half,0.091567878595356,0.542464572342702,0.210131011512841,0.046655929701549,0.210131011512841,0.093305317612627,33,23.3185185185185,0.6
2021-09-02,Rotation,Sector 27,high energy half,0.065223891552116,0.724367551206239,0.236474998556082,0.020811178959518,0.236474998556082,0.04162215688984,33,23.3185185185185,0.7
2021-09-02,Rotation,Sector 27,high energy half,-2.22044604925031E-16,1,0.301698890108198,0.001838401528122,0.301698890108198,0.003676803052833,33,23.3185185185185,0.8
2021-09-02,Rotation,Sector 27,high energy half,0.121412765680952,0.349753808673745,0.180286124427246,0.103595164391408,0.180286124427246,0.206999951928432,33,23.3185185185185,0.9
2021-09-02,Rotation,Both Sectors,low energy half,0.049531303582883,0.542685084867299,0.069709448747176,0.303494372958858,0.069709448747176,0.590283153783475,118,48.4490740740741,0
2021-09-02,Rotation,Both Sectors,low energy half,0.092416437851465,0.125258962175864,0.026824314478594,0.829131721321012,0.092416437851465,0.250046204426342,118,48.4490740740741,0.1
2021-09-02,Rotation,Both Sectors,low energy half,0.093074997906393,0.121638777370976,0.026165754423666,0.836343926980887,0.093074997906393,0.242858590634616,118,48.4490740740741,0.2
2021-09-02,Rotation,Both Sectors,low energy half,0.058773866956195,0.425920066562973,0.060466885373863,0.405650511398168,0.060466885373863,0.758110868802864,118,48.4490740740741,0.3
2021-09-02,Rotation,Both Sectors,low energy half,0.018927158383837,0.90758964801909,0.100313593946222,0.086926939510237,0.100313593946222,0.173746370494584,118,48.4490740740741,0.4
2021-09-02,Rotation,Both Sectors,low energy half,0.070087755017088,0.299653027388881,0.049152997312971,0.547621985209896,0.070087755017088,0.583432630271933,118,48.4490740740741,0.5
2021-09-02,Rotation,Both Sectors,low energy half,0.05595785284817,0.460516729491354,0.063282899481889,0.372927192770533,0.063282899481889,0.707776074934139,118,48.4490740740741,0.6
2021-09-02,Rotation,Both Sectors,low energy half,0.069187132994264,0.308844607695991,0.050053619335794,0.535882333299224,0.069187132994264,0.599770929962485,118,48.4490740740741,0.7
2021-09-02,Rotation,Both Sectors,low energy half,0.016038391159147,0.931116768685124,0.103202361170911,0.075489879011362,0.103202361170911,0.150919075605047,118,48.4490740740741,0.8
2021-09-02,Rotation,Both Sectors,low energy half,0.04223640998558,0.638572475215959,0.077004342344478,0.234573325624181,0.077004342344478,0.463214478782383,118,48.4490740740741,0.9
2021-09-02,Rotation,Sector 1,low energy half,0.043456245014773,0.845760221109162,0.145090652717491,0.191519650756169,0.145090652717491,0.380567838960964,37,25.1305555555556,0
2021-09-02,Rotation,Sector 1,low energy half,0.102984713463325,0.427151181361057,0.085562184268938,0.550845972715436,0.102984713463325,0.789904034722125,37,25.1305555555556,0.1
2021-09-02,Rotation,Sector 1,low energy half,0.152016944544854,0.163600507885105,0.036529953187409,0.884962645871053,0.152016944544854,0.325909125298268,37,25.1305555555556,0.2
2021-09-02,Rotation,Sector 1,low energy half,0.112338269517445,0.365751096809129,0.076208628214818,0.619677921998873,0.112338269517445,0.696935381827226,37,25.1305555555556,0.3
2021-09-02,Rotation,Sector 1,low energy half,0.05519822906802,0.770181390279386,0.133348668664243,0.24604583769646,0.133348668664243,0.485189269445637,37,25.1305555555556,0.4
2021-09-02,Rotation,Sector 1,low energy half,0.108590573551334,0.389831189162147,0.079956324180929,0.592057095549967,0.108590573551334,0.734985496220768,37,25.1305555555556,0.5
2021-09-02,Rotation,Sector 1,low energy half,0.087318776718578,0.538000669387548,0.101228121013685,0.439138623295508,0.101228121013685,0.806387837840814,37,25.1305555555556,0.6
2021-09-02,Rotation,Sector 1,low energy half,0.068418977173261,0.67693720032197,0.120127920559003,0.318205271081914,0.120127920559003,0.61673259208211,37,25.1305555555556,0.7
2021-09-02,Rotation,Sector 1,low energy half,2.22044604925031E-16,1,0.188546897732263,0.06313510086281,0.188546897732263,0.126245712366,37,25.1305555555556,0.8
2021-09-02,Rotation,Sector 1,low energy half,0.047592303257165,0.820060286572853,0.140954594475099,0.209686490390932,0.140954594475099,0.415787241917698,37,25.1305555555556,0.9
2021-09-02,Rotation,Sector 27,low energy half,0.049982744286006,0.64589011566275,0.081469275024707,0.323612301777848,0.081469275024707,0.625731095626156,81,23.3185185185185,0
2021-09-02,Rotation,Sector 27,low energy half,0.111763102577376,0.12266502037388,0.019688916733337,0.927196420959845,0.111763102577376,0.244905269607012,81,23.3185185185185,0.1
2021-09-02,Rotation,Sector 27,low energy half,0.078924057210536,0.346330152993752,0.052527962100177,0.61814657093445,0.078924057210536,0.664445223327642,81,23.3185185185185,0.2
2021-09-02,Rotation,Sector 27,low energy half,0.039380897336346,0.758172172365625,0.092071121974368,0.238459492282096,0.092071121974368,0.470637039959664,81,23.3185185185185,0.3
2021-09-02,Rotation,Sector 27,low energy half,0.007230242207477,0.987133707831024,0.124221777103236,0.075422233531329,0.124221777103236,0.150785894348317,81,23.3185185185185,0.4
2021-09-02,Rotation,Sector 27,low energy half,0.075046178643701,0.382490648589107,0.056405840667012,0.575822700554673,0.075046178643701,0.723017748298806,81,23.3185185185185,0.5
2021-09-02,Rotation,Sector 27,low energy half,0.048245775291386,0.664730357380014,0.083206244019327,0.308595748008093,0.083206244019327,0.599433192241482,81,23.3185185185185,0.6
2021-09-02,Rotation,Sector 27,low energy half,0.074005443393415,0.392494948189442,0.057446575917298,0.564497233691364,0.074005443393415,0.738480382411488,81,23.3185185185185,0.7
2021-09-02,Rotation,Sector 27,low energy half,0.036087237438624,0.790969801589061,0.095364781872089,0.215263202181793,0.095364781872089,0.426372189936591,81,23.3185185185185,0.8
2021-09-02,Rotation,Sector 27,low energy half,0.05174397912843,0.626703070645657,0.079708040182283,0.339243939986293,0.079708040182283,0.65251605830018,81,23.3185185185185,0.9
2021-11-10,Beat Period,Both Sectors,total,0.025834316275168,0.763962315543482,0.034745479191915,0.619351499025361,0.034745479191915,0.970496621561258,189,48.4490740740741,0
2021-11-10,Beat Period,Both Sectors,total,0.036855729072336,0.584166176715327,0.023724066394748,0.795857397485796,0.036855729072336,0.951138646667211,189,48.4490740740741,0.1
2021-11-10,Beat Period,Both Sectors,total,0.011250682484538,0.946215743530819,0.049329112982545,0.385923795528825,0.049329112982545,0.728079042367934,189,48.4490740740741,0.2
2021-11-10,Beat Period,Both Sectors,total,0.037578889205837,0.572130687763882,0.023000906261246,0.80646675989666,0.037578889205837,0.943083537164542,189,48.4490740740741,0.3
2021-11-10,Beat Period,Both Sectors,total,0.042101701786969,0.497795687834985,0.018478093680115,0.868284465429148,0.042101701786969,0.876781581048605,189,48.4490740740741,0.4
2021-11-10,Beat Period,Both Sectors,total,0.018497924391151,0.868032554881469,0.042081871075932,0.498116386135709,0.042081871075932,0.877127728503412,189,48.4490740740741,0.5
2021-11-10,Beat Period,Both Sectors,total,0.030695002749009,0.686426320076205,0.029884792718075,0.699648478951228,0.030695002749009,0.991896953607356,189,48.4490740740741,0.6
2021-11-10,Beat Period,Both Sectors,total,0.008114355493873,0.970259560449088,0.05246543997321,0.341336044482746,0.05246543997321,0.65582280443,189,48.4490740740741,0.7
2021-11-10,Beat Period,Both Sectors,total,0.030106713298282,0.696036099298506,0.030473082168801,0.690056947993639,0.030473082168801,0.992569301484843,189,48.4490740740741,0.8
2021-11-10,Beat Period,Both Sectors,total,0.048844098394961,0.393059319991509,0.011735697072123,0.941952293442302,0.048844098394961,0.739050995765755,189,48.4490740740741,0.9
2021-11-10,Beat Period,Sector 1,total,0.028875870454294,0.865960185520859,0.085599646291588,0.315143318811394,0.085599646291588,0.610991931180299,75,25.1305555555556,0
2021-11-10,Beat Period,Sector 1,total,0.016994215393685,0.946954247769588,0.097481301352198,0.225542077041287,0.097481301352198,0.44608022555334,75,25.1305555555556,0.1
2021-11-10,Beat Period,Sector 1,total,0.040263070631149,0.763887489983743,0.074212446114734,0.417211598066134,0.074212446114734,0.775191555202556,75,25.1305555555556,0.2
2021-11-10,Beat Period,Sector 1,total,0.076437124645371,0.396174705212717,0.038038392100512,0.785196694927202,0.076437124645371,0.744121428229099,75,25.1305555555556,0.3
2021-11-10,Beat Period,Sector 1,total,0.069682030875797,0.46143599232541,0.044793485870086,0.718897208442656,0.069682030875797,0.834750185966212,75,25.1305555555556,0.4
2021-11-10,Beat Period,Sector 1,total,0.052715817398033,0.637006324677764,0.06175969934785,0.542221275978188,0.06175969934785,0.920208455905888,75,25.1305555555556,0.5
2021-11-10,Beat Period,Sector 1,total,0.046513393021628,0.701382709340803,0.067962123724255,0.478651773093611,0.067962123724255,0.855620021895223,75,25.1305555555556,0.6
2021-11-10,Beat Period,Sector 1,total,0.015178512213994,0.956125807231638,0.099297004531889,0.213496710491685,0.099297004531889,0.422986024255429,75,25.1305555555556,0.7
2021-11-10,Beat Period,Sector 1,total,0.021936553553665,0.917173383635935,0.092538963192218,0.260562979173988,0.092538963192218,0.512159472636173,75,25.1305555555556,0.8
2021-11-10,Beat Period,Sector 1,total,0.064369772668657,0.515228324502496,0.050105744077226,0.664275132581634,0.064369772668657,0.895261237398244,75,25.1305555555556,0.9
2021-11-10,Beat Period,Sector 27,total,0.030490328027821,0.79302071979979,0.056081102733008,0.470685107301825,0.056081102733008,0.845905935553798,114,23.3185185185185,0
2021-11-10,Beat Period,Sector 27,total,0.064434359604539,0.372097539146158,0.02213707115629,0.881386362933243,0.064434359604539,0.706464393978267,114,23.3185185185185,0.1
2021-11-10,Beat Period,Sector 27,total,0.004342599868477,0.992913974608553,0.082228830892352,0.202740826874147,0.082228830892352,0.402187912594441,114,23.3185185185185,0.2
2021-11-10,Beat Period,Sector 27,total,0.027724892162108,0.824151860287785,0.058846538598721,0.436991070772096,0.058846538598721,0.802627637537184,114,23.3185185185185,0.3
2021-11-10,Beat Period,Sector 27,total,0.035958677467175,0.727404126756769,0.050612753293653,0.539570903651225,0.050612753293653,0.917704385203601,114,23.3185185185185,0.4
2021-11-10,Beat Period,Sector 27,total,0.013287467397847,0.952277354624871,0.073283963362982,0.28014695001115,0.073283963362982,0.548185476535616,114,23.3185185185185,0.5
2021-11-10,Beat Period,Sector 27,total,0.027146343264451,0.830448645946894,0.059425087496378,0.430062809564465,0.059425087496378,0.793125719708332,114,23.3185185185185,0.6
2021-11-10,Beat Period,Sector 27,total,0.014831889921755,0.94186348157891,0.071739540839074,0.295135515346211,0.071739540839074,0.575343393823169,114,23.3185185185185,0.7
2021-11-10,Beat Period,Sector 27,total,0.052101445640786,0.520580171608899,0.034469985120043,0.745717367204337,0.052101445640786,0.900277439194827,114,23.3185185185185,0.8
2021-11-10,Beat Period,Sector 27,total,0.052575848770592,0.514560492338062,0.033995581990236,0.751489154519806,0.052575848770592,0.894369067870557,114,23.3185185185185,0.9
2021-11-10,Beat Period,Both Sectors,high energy half,0.110689736333249,0.163154901974008,0.042721028822052,0.750594720293172,0.110689736333249,0.324966430339277,71,48.4490740740741,0
2021-11-10,Beat Period,Both Sectors,high energy half,0.111120611689221,0.160903812111095,0.042290153466079,0.754712191615318,0.111120611689221,0.320537979962616,71,48.4490740740741,0.1
2021-11-10,Beat Period,Both Sectors,high energy half,0.107361569224532,0.181311090871494,0.046049195930768,0.718229795493981,0.107361569224532,0.360560321881201,71,48.4490740740741,0.2
2021-11-10,Beat Period,Both Sectors,high energy half,0.091639798144845,0.285894676657779,0.061770967010455,0.558922820520731,0.091639798144845,0.55876997001921,71,48.4490740740741,0.3
2021-11-10,Beat Period,Both Sectors,high energy half,-2.22044604925031E-16,1,0.153410765155301,0.031684817679768,0.153410765155301,0.063368005188994,71,48.4490740740741,0.4
2021-11-10,Beat Period,Both Sectors,high energy half,0.023177364396976,0.912696106060515,0.130233400758325,0.082321867773061,0.130233400758325,0.164561127085039,71,48.4490740740741,0.5
2021-11-10,Beat Period,Both Sectors,high energy half,0.036081284509235,0.811918192578721,0.117329480646066,0.130930429649929,0.117329480646066,0.261311908447666,71,48.4490740740741,0.6
2021-11-10,Beat Period,Both Sectors,high energy half,0.04631911452918,0.71556695284919,0.107091650626121,0.182843740004895,0.107091650626121,0.363553975392145,71,48.4490740740741,0.7
2021-11-10,Beat Period,Both Sectors,high energy half,0.031608045579816,0.850073378799134,0.121802719575485,0.11208504369066,0.121802719575485,0.223878681991844,71,48.4490740740741,0.8
2021-11-10,Beat Period,Both Sectors,high energy half,0.124477155959648,0.101858238413522,0.028933609195653,0.871233814151215,0.124477155959648,0.203519253466259,71,48.4490740740741,0.9
2021-11-10,Beat Period,Sector 1,high energy half,0.04903050153293,0.806843748792791,0.126924889320682,0.270811905317315,0.126924889320682,0.531399165451147,38,25.1305555555556,0
2021-11-10,Beat Period,Sector 1,high energy half,0.06473503865777,0.697741749918864,0.111220352195843,0.363714763977466,0.111220352195843,0.693607389742708,38,25.1305555555556,0.1
2021-11-10,Beat Period,Sector 1,high energy half,0.138789828556137,0.211307276742284,0.037165562297476,0.879207280559811,0.138789828556137,0.418906386798933,38,25.1305555555556,0.2
2021-11-10,Beat Period,Sector 1,high energy half,0.121020053172613,0.303924158147755,0.054935337680999,0.767390826501996,0.121020053172613,0.591499712759378,38,25.1305555555556,0.3
2021-11-10,Beat Period,Sector 1,high energy half,0.04724741554339,0.818485089383505,0.128707975310222,0.261263687783904,0.128707975310222,0.513694839313457,38,25.1305555555556,0.4
2021-11-10,Beat Period,Sector 1,high energy half,0.034727999394972,0.892194386966019,0.14122739145864,0.200264631184857,0.14122739145864,0.397553792331798,38,25.1305555555556,0.5
2021-11-10,Beat Period,Sector 1,high energy half,0,1,0.175955390853612,0.084286357934267,0.175955390853612,0.168489973912245,38,25.1305555555556,0.6
2021-11-10,Beat Period,Sector 1,high energy half,0.016725521109062,0.969102916665059,0.15922986974455,0.130919842532024,0.15922986974455,0.261323540101399,38,25.1305555555556,0.7
2021-11-10,Beat Period,Sector 1,high energy half,6.9810870716086E-05,0.999930008580874,0.175885579982896,0.084449148585206,0.175885579982896,0.168814885848633,38,25.1305555555556,0.8
2021-11-10,Beat Period,Sector 1,high energy half,0.127198315230987,0.269334014568047,0.048757075622626,0.808640166896565,0.127198315230987,0.528668906928345,38,25.1305555555556,0.9
2021-11-10,Beat Period,Sector 27,high energy half,0.199773304840014,0.062402815992108,0.058303011050787,0.769361389811316,0.199773304840014,0.124783102333356,33,23.3185185185185,0
2021-11-10,Beat Period,Sector 27,high energy half,0.117794848099804,0.371204578795879,0.140281467790998,0.249206005805643,0.140281467790998,0.491192008513468,33,23.3185185185185,0.1
2021-11-10,Beat Period,Sector 27,high energy half,0.117794848099804,0.371204578795879,0.140281467790998,0.249206005805643,0.140281467790998,0.491192008513468,33,23.3185185185185,0.2
2021-11-10,Beat Period,Sector 27,high energy half,-2.22044604925031E-16,1,0.258076315890801,0.009975427480247,0.258076315890801,0.019950847094732,33,23.3185185185185,0.3
2021-11-10,Beat Period,Sector 27,high energy half,-2.22044604925031E-16,1,0.258076315890801,0.009975427480247,0.258076315890801,0.019950847094732,33,23.3185185185185,0.4
2021-11-10,Beat Period,Sector 27,high energy half,0.067543185187324,0.708827321453602,0.190533130703477,0.07987680634092,0.190533130703477,0.159689697767537,33,23.3185185185185,0.5
2021-11-10,Beat Period,Sector 27,high energy half,0.092593060529052,0.535407178545285,0.16548325536175,0.147035275059193,0.16548325536175,0.293251322975681,33,23.3185185185185,0.6
2021-11-10,Beat Period,Sector 27,high energy half,0.103622189172539,0.460866397648219,0.154454126718263,0.187197251145423,0.154454126718263,0.372168754185366,33,23.3185185185185,0.7
2021-11-10,Beat Period,Sector 27,high energy half,0.102998897809095,0.46498940718411,0.155077418081706,0.184741097858375,0.155077418081706,0.367374551910793,33,23.3185185185185,0.8
2021-11-10,Beat Period,Sector 27,high energy half,0.177010535789919,0.112231429303377,0.081065780100882,0.615408810147201,0.177010535789919,0.224196782736107,33,23.3185185185185,0.9
2021-11-10,Beat Period,Both Sectors,low energy half,0.000253521224018,0.999738847176312,0.116344772954203,0.037780747511123,0.116344772954203,0.075557853539582,118,48.4490740740741,0
2021-11-10,Beat Period,Both Sectors,low energy half,0.034679034208453,0.736044980904253,0.081919259969768,0.194409258966967,0.081919259969768,0.386035030036376,118,48.4490740740741,0.1
2021-11-10,Beat Period,Both Sectors,low energy half,0.000659030622645,0.999288161408782,0.115939263555575,0.038644135888416,0.115939263555575,0.077284279312529,118,48.4490740740741,0.2
2021-11-10,Beat Period,Both Sectors,low energy half,0.04877801303448,0.552522962027097,0.06782028114374,0.323098421227883,0.06782028114374,0.624727605429784,118,48.4490740740741,0.3
2021-11-10,Beat Period,Both Sectors,low energy half,0.10755259041263,0.06058412499714,0.00904570376559,0.974708947987961,0.10755259041263,0.121143398384001,118,48.4490740740741,0.4
2021-11-10,Beat Period,Both Sectors,low energy half,0.053646190569288,0.489632408512967,0.062952103608932,0.376703389714864,0.062952103608932,0.713769614780599,118,48.4490740740741,0.5
2021-11-10,Beat Period,Both Sectors,low energy half,0.064987476225504,0.35376958918991,0.051610817952717,0.515708084900507,0.064987476225504,0.676683839794637,118,48.4490740740741,0.6
2021-11-10,Beat Period,Both Sectors,low energy half,0.026226083483228,0.835687892719365,0.090372210694992,0.137016550773916,0.090372210694992,0.27335514991695,118,48.4490740740741,0.7
2021-11-10,Beat Period,Both Sectors,low energy half,0.071783320182018,0.282788812372902,0.044814973996202,0.604616939818242,0.071783320182018,0.552997410185248,118,48.4490740740741,0.8
2021-11-10,Beat Period,Both Sectors,low energy half,0.044467987701835,0.609190230179722,0.072130306476386,0.279409462756991,0.072130306476386,0.546831753962124,118,48.4490740740741,0.9
2021-11-10,Beat Period,Sector 1,low energy half,0.03497949148441,0.892978101183671,0.160743146152674,0.132759062945372,0.160743146152674,0.264973256036956,37,25.1305555555556,0
2021-11-10,Beat Period,Sector 1,low energy half,2.22044604925031E-16,1,0.195722637637084,0.051117040027075,0.195722637637084,0.102224027202692,37,25.1305555555556,0.1
2021-11-10,Beat Period,Sector 1,low energy half,0.0215018267964,0.953752881970084,0.174220810840685,0.09397855337208,0.174220810840685,0.187827484936527,37,25.1305555555556,0.2
2021-11-10,Beat Period,Sector 1,low energy half,0.091811829514936,0.505425405396375,0.103910808122149,0.420885468804472,0.103910808122149,0.781055333114556,37,25.1305555555556,0.3
2021-11-10,Beat Period,Sector 1,low energy half,0.126638963490959,0.281273836981999,0.069083674146126,0.67208059494695,0.126638963490959,0.550631129071189,37,25.1305555555556,0.4
2021-11-10,Beat Period,Sector 1,low energy half,0.132332951941662,0.251190304003286,0.063389685695422,0.713301972919955,0.132332951941662,0.494869063205338,37,25.1305555555556,0.5
2021-11-10,Beat Period,Sector 1,low energy half,0.113878275313005,0.356075126269927,0.081844362324079,0.578156323623411,0.113878275313005,0.681127829781625,37,25.1305555555556,0.6
2021-11-10,Beat Period,Sector 1,low energy half,0.083984835946812,0.562417099133211,0.111737801690272,0.369559167116442,0.111737801690272,0.703077817229771,37,25.1305555555556,0.7
2021-11-10,Beat Period,Sector 1,low energy half,0.105878012421618,0.407704885084846,0.089844625215466,0.519630362162741,0.105878012421618,0.761939826390227,37,25.1305555555556,0.8
2021-11-10,Beat Period,Sector 1,low energy half,0.054263172202821,0.776418961484319,0.141459465434264,0.207408468987791,0.141459465434264,0.411388367883023,37,25.1305555555556,0.9
2021-11-10,Beat Period,Sector 27,low energy half,0,1,0.108132417015703,0.139991327827962,0.108132417015703,0.279256098000401,81,23.3185185185185,0
2021-11-10,Beat Period,Sector 27,low energy half,0.05408698154423,0.601121227048391,0.054045435471473,0.601574930935352,0.05408698154423,0.961510046706087,81,23.3185185185185,0.1
2021-11-10,Beat Period,Sector 27,low energy half,0.008290218559305,0.983952391926754,0.099842198456398,0.186242604043017,0.099842198456398,0.370173161034187,81,23.3185185185185,0.2
2021-11-10,Beat Period,Sector 27,low energy half,0.041094213257094,0.740604898943082,0.067038203758608,0.462336811049617,0.067038203758608,0.835827423052875,81,23.3185185185185,0.3
2021-11-10,Beat Period,Sector 27,low energy half,0.095786738003357,0.212404903126941,0.012345679012346,0.96705256108069,0.095786738003357,0.420874181180711,81,23.3185185185185,0.4
2021-11-10,Beat Period,Sector 27,low energy half,0.039977126374574,0.752093728201119,0.068155290641128,0.450833853970181,0.068155290641128,0.821182355826461,81,23.3185185185185,0.5
2021-11-10,Beat Period,Sector 27,low energy half,0.054485774820776,0.596766612425162,0.053646642194927,0.605930189782988,0.054485774820776,0.959061958104569,81,23.3185185185185,0.6
2021-11-10,Beat Period,Sector 27,low energy half,0.016180418294194,0.948367630836297,0.091951998721509,0.23932783020882,0.091951998721509,0.472280822016134,81,23.3185185185185,0.7
2021-11-10,Beat Period,Sector 27,low energy half,0.07898974657631,0.345733423766093,0.029142670439393,0.855061859012131,0.07898974657631,0.663446008881109,81,23.3185185185185,0.8
2021-11-10,Beat Period,Sector 27,low energy half,0.055223922302226,0.588709501967947,0.052908494713477,0.613991538570546,0.055223922302226,0.954280467065512,81,23.3185185185185,0.9
2021-11-10,Orbit,Both Sectors,total,0.04761891943087,0.411350633348643,0.083947541365287,0.065813189072556,0.083947541365287,0.131590456075173,189,48.4490740740741,0
2021-11-10,Orbit,Both Sectors,total,0.024502645423968,0.784244826563491,0.107063815372189,0.012149669043294,0.107063815372189,0.024299608266984,189,48.4490740740741,0.1
2021-11-10,Orbit,Both Sectors,total,0.050277543819956,0.372150940859408,0.0812889169762,0.077864416857813,0.0812889169762,0.155658032895145,189,48.4490740740741,0.2
2021-11-10,Orbit,Both Sectors,total,0.124685452698027,0.002545202125362,0.006881008098129,0.977805938936946,0.124685452698027,0.005090404250723,189,48.4490740740741,0.3
2021-11-10,Orbit,Both Sectors,total,0.077809051081065,0.096247343056029,0.053757409715092,0.323799624780672,0.077809051081065,0.192328420289867,189,48.4490740740741,0.4
2021-11-10,Orbit,Both Sectors,total,0.060480523372669,0.241105257220485,0.071085937423488,0.141218344179131,0.071085937423488,0.281658998176228,189,48.4490740740741,0.5
2021-11-10,Orbit,Both Sectors,total,0.027626231903154,0.735936081924952,0.103940228893003,0.015634625796044,0.103940228893003,0.031269459891686,189,48.4490740740741,0.6
2021-11-10,Orbit,Both Sectors,total,0.033183501281229,0.645351576059045,0.098382959514928,0.024039095400751,0.098382959514928,0.04807786358678,189,48.4490740740741,0.7
2021-11-10,Orbit,Both Sectors,total,0.015523247034739,0.903633618668845,0.116043213761419,0.005644273107104,0.116043213761419,0.011288546214208,189,48.4490740740741,0.8
2021-11-10,Orbit,Both Sectors,total,0.032015614501934,0.664700600647581,0.099550846294223,0.022004269501871,0.099550846294223,0.044008407495233,189,48.4490740740741,0.9
2021-11-10,Orbit,Sector 1,total,0.02991267823588,0.857530657855112,0.153110054898493,0.026594071904961,0.153110054898493,0.053187343311804,75,25.1305555555556,0
2021-11-10,Orbit,Sector 1,total,0.01572381268192,0.953472576365577,0.167298920452452,0.013239426312216,0.167298920452452,0.02647880821904,75,25.1305555555556,0.1
2021-11-10,Orbit,Sector 1,total,0.077362661655798,0.387567820273445,0.105660071478575,0.174754970621235,0.105660071478575,0.347729667602248,75,25.1305555555556,0.2
2021-11-10,Orbit,Sector 1,total,0.154586787517041,0.024803925193719,0.028435945617332,0.869470450454542,0.154586787517041,0.049607250210932,75,25.1305555555556,0.3
2021-11-10,Orbit,Sector 1,total,0.135963302752294,0.056861582719431,0.047059430382079,0.695783726621924,0.135963302752294,0.113704894239024,75,25.1305555555556,0.4
2021-11-10,Orbit,Sector 1,total,0.104338086290115,0.182362628977839,0.078684646844258,0.375429219140298,0.104338086290115,0.362609146434661,75,25.1305555555556,0.5
2021-11-10,Orbit,Sector 1,total,0.046682141409676,0.699654219263716,0.136340591724697,0.055973117469722,0.136340591724697,0.111929106450997,75,25.1305555555556,0.6
2021-11-10,Orbit,Sector 1,total,0.068900924800118,0.469228289179225,0.114121808334254,0.131374319544495,0.114121808334254,0.262190018595864,75,25.1305555555556,0.7
2021-11-10,Orbit,Sector 1,total,0.061081758225563,0.549276611157585,0.12194097490881,0.098988363078391,0.12194097490881,0.197800362571595,75,25.1305555555556,0.8
2021-11-10,Orbit,Sector 1,total,0.028544268818393,0.868609871441157,0.15447846431598,0.024931611757777,0.15447846431598,0.049862610462268,75,25.1305555555556,0.9
2021-11-10,Orbit,Sector 27,total,0.093281169887871,0.129228275407852,0.058737864754007,0.438297379224923,0.093281169887871,0.257922196262296,114,23.3185185185185,0
2021-11-10,Orbit,Sector 27,total,0.061774985231503,0.402399497791611,0.090244049410375,0.147073542551116,0.090244049410375,0.293245637984451,114,23.3185185185185,0.1
2021-11-10,Orbit,Sector 27,total,0.059781586470942,0.425815998963685,0.092237448170936,0.135167119919676,0.092237448170936,0.269693415195201,114,23.3185185185185,0.2
2021-11-10,Orbit,Sector 27,total,0.134954628669832,0.014240065668763,0.017064405972046,0.925209755130232,0.134954628669832,0.028480064158631,114,23.3185185185185,0.3
2021-11-10,Orbit,Sector 27,total,0.071236053523262,0.300122201818081,0.080782981118616,0.214152616221769,0.080782981118616,0.424197903824593,114,23.3185185185185,0.4
2021-11-10,Orbit,Sector 27,total,0.060016523997414,0.423026803893897,0.092002510644464,0.136531680365483,0.092002510644464,0.272395974962693,114,23.3185185185185,0.5
2021-11-10,Orbit,Sector 27,total,0.043939761251923,0.625747387046116,0.108079273389955,0.064746709690768,0.108079273389955,0.129460959884536,114,23.3185185185185,0.6
2021-11-10,Orbit,Sector 27,total,0.043018471767092,0.637661348519488,0.109000562874785,0.061812955840613,0.109000562874785,0.123599025165239,114,23.3185185185185,0.7
2021-11-10,Orbit,Sector 27,total,0.020582025067433,0.895767324667421,0.131437009574444,0.017696672879975,0.131437009574444,0.035393182085928,114,23.3185185185185,0.8
2021-11-10,Orbit,Sector 27,total,0.060968116765867,0.411808704020255,0.091050917876011,0.142164105840755,0.091050917876011,0.283542344301152,114,23.3185185185185,0.9
2021-11-10,Orbit,Both Sectors,high energy half,0.04318187789315284,0.7461707013458793,0.18381751123640255,0.00713277521591634,0.18381751123640255,0.014265547159876268,71,48.44907407407407,0.0
2021-11-10,Orbit,Both Sectors,high energy half,0.037257719628113695,0.801407295883604,0.18974166950144178,0.005167488968975112,0.18974166950144178,0.010334977094886668,71,48.449074074074076,0.1
2021-11-10,Orbit,Both Sectors,high energy half,0.10681835517785726,0.18440482680244505,0.12018103395169821,0.1186604164282786,0.12018103395169821,0.23695317962895077,71,48.449074074074076,0.2
2021-11-10,Orbit,Both Sectors,high energy half,0.21291488208730214,0.001324418982303873,0.014084507042253502,0.9625085712504403,0.21291488208730214,0.0026488379620144276,71,48.44907407407407,0.3
2021-11-10,Orbit,Both Sectors,high energy half,0.13114848806136592,0.07951138139154959,0.09585090106818966,0.2548296011727953,0.13114848806136592,0.1589510995330687,71,48.44907407407407,0.4
2021-11-10,Orbit,Both Sectors,high energy half,0.10537386728663589,0.1928111733328164,0.1216255218429193,0.11278958333070192,0.1216255218429193,0.22528021879566068,71,48.44907407407407,0.5
2021-11-10,Orbit,Both Sectors,high energy half,0.035577365039928255,0.816365797527948,0.19142202408962716,0.004707065844659572,0.19142202408962716,0.009414131120562138,71,48.44907407407407,0.6
2021-11-10,Orbit,Both Sectors,high energy half,0.029736775030629437,0.8650247869843926,0.1972626140989262,0.003380923421695781,0.1972626140989262,0.0067618467029995875,71,48.44907407407407,0.7
2021-11-10,Orbit,Both Sectors,high energy half,0.0073043292086487415,0.9878429172773919,0.21969505992090665,0.0008625380766439166,0.21969505992090665,0.0017250761528796454,71,48.44907407407407,0.8
2021-11-10,Orbit,Both Sectors,high energy half,0.034559202835298106,0.8252447161848072,0.19244018629425713,0.004446466889978428,0.19244018629425713,0.008892933332738086,71,48.44907407407407,0.9
2021-11-10,Orbit,Sector 1,high energy half,0.05580797356495029,0.7614030059807526,0.19157557317633644,0.05368331526816511,0.19157557317633644,0.10735416330110614,38,25.130555555555556,0.0
2021-11-10,Orbit,Sector 1,high energy half,0.08823803179885159,0.5230622492798166,0.15914551494243523,0.13119633680634038,0.15914551494243523,0.261872002142417,38,25.130555555555556,0.1
2021-11-10,Orbit,Sector 1,high energy half,0.15273164119539473,0.1535224858842591,0.0946519055458922,0.4764724938903562,0.15273164119539473,0.3060482098066586,38,25.130555555555556,0.2
2021-11-10,Orbit,Sector 1,high energy half,0.13222469792254482,0.2430563112083136,0.11515884881874189,0.3389876890852777,0.13222469792254482,0.4795362332639538,38,25.130555555555556,0.3
2021-11-10,Orbit,Sector 1,high energy half,0.14185859808136453,0.19747075424002922,0.10552494865992218,0.40100276813392943,0.14185859808136453,0.39213275212644516,38,25.130555555555556,0.4
2021-11-10,Orbit,Sector 1,high energy half,0.09620519741932476,0.4653924692160882,0.15117834932196195,0.1593238540419157,0.15117834932196195,0.31748618516582927,38,25.130555555555556,0.5
2021-11-10,Orbit,Sector 1,high energy half,0.018674407916552727,0.9629697643012449,0.22870913882473398,0.015708947535643825,0.22870913882473398,0.03141782970607254,38,25.130555555555556,0.6
2021-11-10,Orbit,Sector 1,high energy half,0.04252063783865567,0.8482168951973587,0.2048629089026312,0.035474786877216086,0.2048629089026312,0.0709474162252739,38,25.130555555555556,0.7
2021-11-10,Orbit,Sector 1,high energy half,0.009433193905511006,0.9866485236747236,0.2379503528357758,0.011175933785307615,0.2379503528357758,0.02235185271030049,38,25.130555555555556,0.8
2021-11-10,Orbit,Sector 1,high energy half,0.015492195726411195,0.972638064854885,0.23189135101487557,0.013993073564839992,0.23189135101487557,0.02798610755853337,38,25.130555555555556,0.9
2021-11-10,Orbit,Sector 27,high energy half,0.04990061029609938,0.8218456265720885,0.2040749778599208,0.05540360229694283,0.2040749778599208,0.11079360484217671,33,23.318518518518516,0.0
2021-11-10,Orbit,Sector 27,high energy half,-2.220446049250313e-16,1.0,0.2539755881560203,0.011528955810791467,0.2539755881560203,0.023057896653359333,33,23.318518518518516,0.1
2021-11-10,Orbit,Sector 27,high energy half,0.06108074871972584,0.7515197350654845,0.19289483943629426,0.07507663660306989,0.19289483943629426,0.1501040490986163,33,23.318518518518516,0.2
2021-11-10,Orbit,Sector 27,high energy half,0.22367255785298987,0.031187342898754706,0.030303030303030276,0.9212291867278302,0.22367255785298987,0.062373523843517464,33,23.318518518518516,0.3
2021-11-10,Orbit,Sector 27,high energy half,0.12179841217126791,0.3475054170504288,0.13217717598475223,0.28994964075905694,0.13217717598475223,0.5664880929199192,33,23.318518518518516,0.4
2021-11-10,Orbit,Sector 27,high energy half,0.11256064456509174,0.4033293270353761,0.14141494359092838,0.2438119421134762,0.14141494359092838,0.4810232747226575,33,23.318518518518516,0.5
2021-11-10,Orbit,Sector 27,high energy half,0.01217162893227075,0.9820740648446851,0.2418039592237496,0.017466207399645505,0.2418039592237496,0.03493232135050184,33,23.318518518518516,0.6
2021-11-10,Orbit,Sector 27,high energy half,0.01217162893227075,0.9820740648446851,0.2418039592237496,0.017466207399645505,0.2418039592237496,0.03493232135050184,33,23.318518518518516,0.7
2021-11-10,Orbit,Sector 27,high energy half,0.026365345000192608,0.9393687096673001,0.22761024315582767,0.027606638381691178,0.22761024315582767,0.05521259069885709,33,23.318518518518516,0.8
2021-11-10,Orbit,Sector 27,high energy half,0.07096346646259277,0.6855550497766257,0.18301212169342734,0.09680813631235981,0.18301212169342734,0.1934729338284067,33,23.318518518518516,0.9
2021-11-10,Orbit,Both Sectors,low energy half,0.06664151358714093,0.3356791773905553,0.04444740709424,0.6094614788703527,0.06664151358714093,0.6463422647310695,118,48.449074074074076,0.0
2021-11-10,Orbit,Both Sectors,low energy half,0.024416022734654708,0.8549434763223157,0.0866728979467265,0.16035647718073334,0.0866728979467265,0.3194331331269593,118,48.44907407407407,0.1
2021-11-10,Orbit,Both Sectors,low energy half,0.025709474604120763,0.8412743664899782,0.08537944607726045,0.1691626515789152,0.08537944607726045,0.3367372127530242,118,48.44907407407407,0.2
2021-11-10,Orbit,Both Sectors,low energy half,0.07977160817558271,0.21133425668870132,0.03131731250579846,0.7772892191442057,0.07977160817558271,0.4187715923619477,118,48.44907407407407,0.3
2021-11-10,Orbit,Both Sectors,low energy half,0.059751560457637076,0.41416283408932614,0.05133736022374438,0.5192381401447551,0.059751560457637076,0.7705768597276208,118,48.449074074074076,0.4
2021-11-10,Orbit,Both Sectors,low energy half,0.01998460937056412,0.8982031613648417,0.09110431131081712,0.13271442828097532,0.09110431131081712,0.2648329206524228,118,48.44907407407407,0.5
2021-11-10,Orbit,Both Sectors,low energy half,0.0182842056201633,0.9130941891608195,0.09280471506121757,0.12311480060341612,0.09280471506121757,0.24578969382319504,118,48.449074074074076,0.6
2021-11-10,Orbit,Both Sectors,low energy half,0.05152762882410758,0.5167813563271574,0.05956129185727327,0.41643995453585336,0.05956129185727327,0.773864987728748,118,48.449074074074076,0.7
2021-11-10,Orbit,Both Sectors,low energy half,0.01105291718407675,0.9645369328247957,0.10003600349730407,0.08809482783334328,0.10003600349730407,0.17607617286137564,118,48.44907407407407,0.8
2021-11-10,Orbit,Both Sectors,low energy half,0.0426791837072914,0.6327503890521025,0.06840973697408959,0.31690693279564697,0.06840973697408959,0.6139458437502907,118,48.44907407407407,0.9
2021-11-10,Orbit,Sector 1,low energy half,0.0,1.0,0.28117279432632597,0.002215134913968502,0.28117279432632597,0.004430269817579435,37,25.130555555555556,0.0
2021-11-10,Orbit,Sector 1,low energy half,0.0,1.0,0.28117279432632597,0.002215134913968502,0.28117279432632597,0.004430269817579435,37,25.130555555555556,0.1
2021-11-10,Orbit,Sector 1,low energy half,0.07655516686134572,0.6171228204512266,0.20461762746498036,0.038910728288492624,0.20461762746498036,0.07781829467905299,37,25.130555555555556,0.2
2021-11-10,Orbit,Sector 1,low energy half,0.170574686546832,0.1034687660999841,0.11059810777949408,0.3768402558129284,0.170574686546832,0.2067439865035594,37,25.130555555555556,0.3
2021-11-10,Orbit,Sector 1,low energy half,0.1064739991456029,0.4037472747135367,0.1746987951807229,0.09278673999212413,0.1746987951807229,0.1854505794469823,37,25.130555555555556,0.4
2021-11-10,Orbit,Sector 1,low energy half,0.10951517450909498,0.38382220891852487,0.17165761981723077,0.10057556686597388,0.17165761981723077,0.2009791473092657,37,25.130555555555556,0.5
2021-11-10,Orbit,Sector 1,low energy half,0.12068805845748454,0.3149246489620048,0.1604847358688411,0.13360511341288522,0.1604847358688411,0.26665083155517855,37,25.130555555555556,0.6
2021-11-10,Orbit,Sector 1,low energy half,0.17137531031639575,0.10132365992740269,0.10979748400993011,0.38199620713170684,0.17137531031639575,0.20246994215514613,37,25.130555555555556,0.7
2021-11-10,Orbit,Sector 1,low energy half,0.13424190189968888,0.2415777646766066,0.14693089242663693,0.18379804653541795,0.14693089242663693,0.3655093957857348,37,25.130555555555556,0.8
2021-11-10,Orbit,Sector 1,low energy half,0.0,1.0,0.28117279432632597,0.002215134913968502,0.28117279432632597,0.004430269817579435,37,25.130555555555556,0.9
2021-11-10,Orbit,Sector 27,low energy half,0.1215890551712237,0.08394304422456994,0.026912786091894514,0.8737895974621912,0.1215890551712237,0.1677954356205855,81,23.318518518518516,0.0
2021-11-10,Orbit,Sector 27,low energy half,0.09398150599243887,0.22481405765415974,0.05452033527067923,0.5963892732397182,0.09398150599243887,0.4446769809984574,81,23.318518518518516,0.1
2021-11-10,Orbit,Sector 27,low energy half,0.05884970567242381,0.5492739938513967,0.0896521355906944,0.25649299531305,0.0896521355906944,0.5045546661719819,81,23.318518518518516,0.2
2021-11-10,Orbit,Sector 27,low energy half,0.083930175145497,0.30245689734805337,0.06457166611762123,0.48808391562376446,0.083930175145497,0.5885339259742552,81,23.318518518518516,0.3
2021-11-10,Orbit,Sector 27,low energy half,0.05211054049602315,0.6227031575648502,0.09639130076709493,0.20835450093226038,0.09639130076709493,0.41306821689374773,81,23.318518518518516,0.4
2021-11-10,Orbit,Sector 27,low energy half,0.03439328517420437,0.8072770704520857,0.1141085560889139,0.1123704638221918,0.1141085560889139,0.22444352401173537,81,23.31851851851852,0.5
2021-11-10,Orbit,Sector 27,low energy half,0.029362656281864186,0.8531577410445669,0.11913918498125403,0.09254434841911073,0.11913918498125403,0.1849537699069232,81,23.318518518518516,0.6
2021-11-10,Orbit,Sector 27,low energy half,0.05703136029930822,0.5690127110533499,0.09147048096381016,0.2428586710645016,0.09147048096381016,0.47895413904191797,81,23.318518518518516,0.7
2021-11-10,Orbit,Sector 27,low energy half,0.0003676643606761454,0.9996213629094193,0.14813417690244268,0.02568496492871601,0.14813417690244268,0.05136922425307836,81,23.318518518518516,0.8
2021-11-10,Orbit,Sector 27,low energy half,0.06393487144493074,0.4948020205726135,0.08456696981818745,0.29711598915402715,0.08456696981818745,0.5789850483725605,81,23.31851851851852,0.9
2021-11-10,Rotation,Both Sectors,total,0.055528756702399595,0.3005925419921317,0.07010277905031481,0.14893210689944064,0.07010277905031481,0.29690104042230425,189,48.44907407407407,0.0
2021-11-10,Rotation,Both Sectors,total,0.10058504825910725,0.02032891198808164,0.02504648749360716,0.7760231268833828,0.10058504825910725,0.04065781769345589,189,48.449074074074076,0.1
2021-11-10,Rotation,Both Sectors,total,0.10149801173848272,0.018943387349247724,0.024133524014231786,0.7897741032245963,0.10149801173848272,0.037886850780355474,189,48.44907407407407,0.2
2021-11-10,Rotation,Both Sectors,total,0.07988526298290571,0.08490838937930616,0.045746272769808666,0.43999879748280757,0.07988526298290571,0.16971641256020753,189,48.44907407407407,0.3
2021-11-10,Rotation,Both Sectors,total,0.05892403037167748,0.2589292935946033,0.06670750538103687,0.1779506311680278,0.06670750538103687,0.3539308667262798,189,48.44907407407407,0.4
2021-11-10,Rotation,Both Sectors,total,0.08660749346574126,0.05532333587736633,0.03902404228697309,0.5481667434229248,0.08660749346574126,0.11062889861708358,189,48.44907407407407,0.5
2021-11-10,Rotation,Both Sectors,total,0.09514144418551385,0.030560159870383727,0.03049009156720045,0.6897789044457739,0.09514144418551385,0.06111894109636973,189,48.44907407407407,0.6
2021-11-10,Rotation,Both Sectors,total,0.07644973095729701,0.10429366739507823,0.04918180479541745,0.38808449757086777,0.07644973095729701,0.20835763267569063,189,48.44907407407407,0.7
2021-11-10,Rotation,Both Sectors,total,0.024208543033214514,0.7886537768944246,0.10142299271949984,0.019054043953715818,0.10142299271949984,0.038108158057484465,189,48.449074074074076,0.8
2021-11-10,Rotation,Both Sectors,total,0.04873251433700604,0.39470956890208325,0.07689902141570804,0.10157816311836922,0.07689902141570804,0.20294976575933854,189,48.44907407407407,0.9
2021-11-10,Rotation,Sector 1,total,0.023724254817434877,0.9048184503937712,0.12112744556206473,0.10203548342034378,0.12112744556206473,0.20387139172997581,75,25.130555555555556,0.0
2021-11-10,Rotation,Sector 1,total,0.04912125566486131,0.6745026324386202,0.09573044471463832,0.23757553450854557,0.09573044471463832,0.46897671437223376,75,25.130555555555556,0.1
2021-11-10,Rotation,Sector 1,total,0.06896429755720124,0.4685944154359626,0.07588740282229833,0.4013278749379506,0.07588740282229833,0.7518834365473037,75,25.130555555555556,0.2
2021-11-10,Rotation,Sector 1,total,0.08189823514240457,0.34672030233361584,0.062953465237095,0.5298392331686643,0.08189823514240457,0.6651308210068734,75,25.130555555555556,0.3
2021-11-10,Rotation,Sector 1,total,0.10414502044876756,0.18349289889333306,0.04070667993073207,0.7595710426731226,0.10414502044876756,0.36481600460746666,75,25.130555555555556,0.4
2021-11-10,Rotation,Sector 1,total,0.11562801665377076,0.12458349864221263,0.0292236837257287,0.8631565521578528,0.11562801665377076,0.2487168732337509,75,25.130555555555556,0.5
2021-11-10,Rotation,Sector 1,total,0.13151836704616593,0.0682289831883866,0.01333333333333353,0.9644687018907768,0.13151836704616593,0.13641941474398372,75,25.130555555555556,0.6
2021-11-10,Rotation,Sector 1,total,0.0949736560922585,0.24290379384834485,0.0498780442872407,0.6666439258952261,0.0949736560922585,0.47905418569381986,75,25.130555555555556,0.7
2021-11-10,Rotation,Sector 1,total,0.01820861427360776,0.9402810822615721,0.12664308610589148,0.08274843277778571,0.12664308610589148,0.16541200414051235,75,25.130555555555556,0.8
2021-11-10,Rotation,Sector 1,total,0.03733244906230393,0.7918412268343187,0.10751925131719539,0.16444209277927685,0.10751925131719539,0.3274932755477619,75,25.130555555555556,0.9
2021-11-10,Rotation,Sector 27,total,0.09030361103680423,0.1467069138746729,0.06795319779754305,0.3338157420114556,0.09030361103680423,0.29252142732028336,114,23.318518518518516,0.0
2021-11-10,Rotation,Sector 27,total,0.1494848790097863,0.00545822446101743,0.008771929824561209,0.976465612085525,0.1494848790097863,0.01091644762136219,114,23.31851851851852,0.1
2021-11-10,Rotation,Sector 27,total,0.12151912798992387,0.03166072278171676,0.03673768084442365,0.7177112352898164,0.12151912798992387,0.06331968127134209,114,23.318518518518516,0.2
2021-11-10,Rotation,Sector 27,total,0.07450358345036673,0.2686427526051275,0.08375322538398092,0.1911681169227363,0.08375322538398092,0.3797376043786147,114,23.318518518518516,0.3
2021-11-10,Rotation,Sector 27,total,0.03325611220713809,0.7604188681331958,0.12500069662720972,0.02594783004050031,0.12500069662720972,0.05189487706950553,114,23.318518518518516,0.4
2021-11-10,Rotation,Sector 27,total,0.08092909867585096,0.21298003675898697,0.07732771015849671,0.2431472170291228,0.08092909867585096,0.42194263581006664,114,23.318518518518513,0.5
2021-11-10,Rotation,Sector 27,total,0.05185449129494624,0.5237202740493438,0.10640231753940116,0.07037789808767488,0.10640231753940116,0.1407102540431618,114,23.318518518518516,0.6
2021-11-10,Rotation,Sector 27,total,0.07371552391939173,0.2760424735471392,0.0845412849149556,0.1853692545701577,0.0845412849149556,0.3684435561183068,114,23.318518518518516,0.7
2021-11-10,Rotation,Sector 27,total,0.02670050185024253,0.8352449877147464,0.13155630698410536,0.01756838532916017,0.13155630698410536,0.03513661178888338,114,23.31851851851852,0.8
2021-11-10,Rotation,Sector 27,total,0.06990288320069551,0.3135610458410998,0.08835392563365163,0.15906148051289973,0.08835392563365163,0.31688580002713085,114,23.318518518518516,0.9
2021-11-10,Rotation,Both Sectors,high energy half,0.07268460289241743,0.45059998097996784,0.08183299329589888,0.36643566302235586,0.08183299329589888,0.6975730059750147,71,48.44907407407407,0.0
2021-11-10,Rotation,Both Sectors,high energy half,0.11835843868158646,0.12639726843031002,0.03615915750672982,0.8112278728064927,0.11835843868158646,0.2523189699534967,71,48.44907407407407,0.1
2021-11-10,Rotation,Both Sectors,high energy half,0.12400031859310479,0.10362638609975489,0.030517277595211466,0.8588690760907218,0.12400031859310479,0.2070411959988595,71,48.44907407407407,0.2
2021-11-10,Rotation,Both Sectors,high energy half,0.12210181224707312,0.11090353516722659,0.0324157839412432,0.8434216742654415,0.12210181224707312,0.2215279911924924,71,48.44907407407407,0.3
2021-11-10,Rotation,Both Sectors,high energy half,0.11594105009437838,0.1372395792022029,0.038576546093937875,0.78942764928722,0.11594105009437838,0.27381428862563023,71,48.449074074074076,0.4
2021-11-10,Rotation,Both Sectors,high energy half,0.08760119909506336,0.3177192582291704,0.06691639709325281,0.5070819135145809,0.08760119909506336,0.6155228804742592,71,48.44907407407407,0.5
2021-11-10,Rotation,Both Sectors,high energy half,0.11629196615420834,0.1356239608064114,0.03822563003410767,0.7926344216208508,0.11629196615420834,0.2706143376468023,71,48.44907407407407,0.6
2021-11-10,Rotation,Both Sectors,high energy half,0.09032160042613535,0.2960672390893339,0.06419599576218088,0.5343624850800116,0.09032160042613535,0.57714472324692,71,48.44907407407407,0.7
2021-11-10,Rotation,Both Sectors,high energy half,0.0,1.0,0.15451759618831618,0.030154165385398495,0.15451759618831618,0.06030700227644376,71,48.449074074074076,0.8
2021-11-10,Rotation,Both Sectors,high energy half,0.06540788185456209,0.5221687634404508,0.08910971433375403,0.30560424658119245,0.08910971433375403,0.5941770410973117,71,48.44907407407407,0.9
2021-11-10,Rotation,Sector 1,high energy half,0.001230416596370909,0.9987123095851078,0.2141186668450723,0.026141809990648763,0.2141186668450723,0.052283033680929125,38,25.130555555555556,0.0
2021-11-10,Rotation,Sector 1,high energy half,0.04593846171746374,0.826901798011604,0.1694106217239793,0.10066258678896237,0.1694106217239793,0.2011517374396533,38,25.130555555555556,0.1
2021-11-10,Rotation,Sector 1,high energy half,0.0,1.0,0.2153490834414432,0.025076090995971738,0.2153490834414432,0.05015169144975684,38,25.130555555555556,0.2
2021-11-10,Rotation,Sector 1,high energy half,0.10456214040129615,0.40747219067810764,0.11078694304014702,0.3664904265239596,0.11078694304014702,0.6981062602056303,38,25.130555555555556,0.3
2021-11-10,Rotation,Sector 1,high energy half,0.15358100678910716,0.15041606981171293,0.06176807665233608,0.7193116883027227,0.15358100678910716,0.29991601131708034,38,25.130555555555556,0.4
2021-11-10,Rotation,Sector 1,high energy half,0.12813785319937399,0.2642935940943832,0.0872112302420692,0.5306248327539057,0.12813785319937399,0.5193293306270459,38,25.130555555555556,0.5
2021-11-10,Rotation,Sector 1,high energy half,0.16551575689527787,0.11152393255760343,0.04983332654616536,0.8015495017925435,0.16551575689527787,0.22278234617422488,38,25.130555555555556,0.6
2021-11-10,Rotation,Sector 1,high energy half,0.14160262488873893,0.19860050731456272,0.07374645855270431,0.6309175689538782,0.14160262488873893,0.394325713707366,38,25.130555555555556,0.7
2021-11-10,Rotation,Sector 1,high energy half,0.0650840930113501,0.6951839836316818,0.1502649904300932,0.16280834434500513,0.1502649904300932,0.3243468302858771,38,25.130555555555556,0.8
2021-11-10,Rotation,Sector 1,high energy half,0.07964547712821335,0.586867101314486,0.13570360631322986,0.2258674685032487,0.13570360631322986,0.4468629834961588,38,25.130555555555556,0.9
2021-11-10,Rotation,Sector 27,high energy half,0.1832103596318971,0.0963284481597579,0.11848853047630048,0.36704249113451204,0.1832103596318971,0.19251651132600545,33,23.318518518518516,0.0
2021-11-10,Rotation,Sector 27,high energy half,0.26147463757652767,0.008831669742785427,0.04022425253167006,0.8757986476730689,0.26147463757652767,0.01766333491799943,33,23.318518518518516,0.1
2021-11-10,Rotation,Sector 27,high energy half,0.2672106026914636,0.0071635543473223045,0.03448828741673404,0.9033535947109222,0.2672106026914636,0.014327106908771925,33,23.318518518518516,0.2
2021-11-10,Rotation,Sector 27,high energy half,0.12356991933310235,0.3372745134159523,0.17812897077509532,0.10922260774698903,0.17812897077509532,0.21820769905504878,33,23.318518518518516,0.3
2021-11-10,Rotation,Both Sectors,high energy half,0.07268460289241743,0.45059998097996784,0.08183299329589888,0.36643566302235586,0.08183299329589888,0.6975730059750147,71,48.44907407407407,0.0
2021-11-10,Rotation,Both Sectors,high energy half,0.11835843868158646,0.12639726843031002,0.03615915750672982,0.8112278728064927,0.11835843868158646,0.2523189699534967,71,48.44907407407407,0.1
2021-11-10,Rotation,Both Sectors,high energy half,0.12400031859310479,0.10362638609975489,0.030517277595211466,0.8588690760907218,0.12400031859310479,0.2070411959988595,71,48.44907407407407,0.2
2021-11-10,Rotation,Both Sectors,high energy half,0.12210181224707312,0.11090353516722659,0.0324157839412432,0.8434216742654415,0.12210181224707312,0.2215279911924924,71,48.44907407407407,0.3
2021-11-10,Rotation,Both Sectors,high energy half,0.11594105009437838,0.1372395792022029,0.038576546093937875,0.78942764928722,0.11594105009437838,0.27381428862563023,71,48.449074074074076,0.4
2021-11-10,Rotation,Both Sectors,high energy half,0.08760119909506336,0.3177192582291704,0.06691639709325281,0.5070819135145809,0.08760119909506336,0.6155228804742592,71,48.44907407407407,0.5
2021-11-10,Rotation,Both Sectors,high energy half,0.11629196615420834,0.1356239608064114,0.03822563003410767,0.7926344216208508,0.11629196615420834,0.2706143376468023,71,48.44907407407407,0.6
2021-11-10,Rotation,Both Sectors,high energy half,0.09032160042613535,0.2960672390893339,0.06419599576218088,0.5343624850800116,0.09032160042613535,0.57714472324692,71,48.44907407407407,0.7
2021-11-10,Rotation,Both Sectors,high energy half,0.0,1.0,0.15451759618831618,0.030154165385398495,0.15451759618831618,0.06030700227644376,71,48.449074074074076,0.8
2021-11-10,Rotation,Both Sectors,high energy half,0.06540788185456209,0.5221687634404508,0.08910971433375403,0.30560424658119245,0.08910971433375403,0.5941770410973117,71,48.44907407407407,0.9
2021-11-10,Rotation,Sector 1,high energy half,0.001230416596370909,0.9987123095851078,0.2141186668450723,0.026141809990648763,0.2141186668450723,0.052283033680929125,38,25.130555555555556,0.0
2021-11-10,Rotation,Sector 1,high energy half,0.04593846171746374,0.826901798011604,0.1694106217239793,0.10066258678896237,0.1694106217239793,0.2011517374396533,38,25.130555555555556,0.1
2021-11-10,Rotation,Sector 1,high energy half,0.0,1.0,0.2153490834414432,0.025076090995971738,0.2153490834414432,0.05015169144975684,38,25.130555555555556,0.2
2021-11-10,Rotation,Sector 1,high energy half,0.10456214040129615,0.40747219067810764,0.11078694304014702,0.3664904265239596,0.11078694304014702,0.6981062602056303,38,25.130555555555556,0.3
2021-11-10,Rotation,Sector 1,high energy half,0.15358100678910716,0.15041606981171293,0.06176807665233608,0.7193116883027227,0.15358100678910716,0.29991601131708034,38,25.130555555555556,0.4
2021-11-10,Rotation,Sector 1,high energy half,0.12813785319937399,0.2642935940943832,0.0872112302420692,0.5306248327539057,0.12813785319937399,0.5193293306270459,38,25.130555555555556,0.5
2021-11-10,Rotation,Sector 1,high energy half,0.16551575689527787,0.11152393255760343,0.04983332654616536,0.8015495017925435,0.16551575689527787,0.22278234617422488,38,25.130555555555556,0.6
2021-11-10,Rotation,Sector 1,high energy half,0.14160262488873893,0.19860050731456272,0.07374645855270431,0.6309175689538782,0.14160262488873893,0.394325713707366,38,25.130555555555556,0.7
2021-11-10,Rotation,Sector 1,high energy half,0.0650840930113501,0.6951839836316818,0.1502649904300932,0.16280834434500513,0.1502649904300932,0.3243468302858771,38,25.130555555555556,0.8
2021-11-10,Rotation,Sector 1,high energy half,0.07964547712821335,0.586867101314486,0.13570360631322986,0.2258674685032487,0.13570360631322986,0.4468629834961588,38,25.130555555555556,0.9
2021-11-10,Rotation,Sector 27,high energy half,0.1832103596318971,0.0963284481597579,0.11848853047630048,0.36704249113451204,0.1832103596318971,0.19251651132600545,33,23.318518518518516,0.0
2021-11-10,Rotation,Sector 27,high energy half,0.26147463757652767,0.008831669742785427,0.04022425253167006,0.8757986476730689,0.26147463757652767,0.01766333491799943,33,23.318518518518516,0.1
2021-11-10,Rotation,Sector 27,high energy half,0.2672106026914636,0.0071635543473223045,0.03448828741673404,0.9033535947109222,0.2672106026914636,0.014327106908771925,33,23.318518518518516,0.2
2021-11-10,Rotation,Sector 27,high energy half,0.12356991933310235,0.3372745134159523,0.17812897077509532,0.10922260774698903,0.17812897077509532,0.21820769905504878,33,23.318518518518516,0.3
2021-11-10,Rotation,Sector 27,high energy half,0.13547833400716192,0.27289561713799665,0.16622055610103578,0.14459535572849258,0.16622055610103578,0.2884264560271155,33,23.318518518518516,0.4
2021-11-10,Rotation,Sector 27,high energy half,0.09423010280697697,0.5241700926926408,0.2074687873012206,0.05034864329424756,0.2074687873012206,0.10068823446343511,33,23.318518518518516,0.5
2021-11-10,Rotation,Sector 27,high energy half,0.09156787859535631,0.5424645723427018,0.21013101151284122,0.04665592970154908,0.21013101151284122,0.0933053176126265,33,23.31851851851852,0.6
2021-11-10,Rotation,Sector 27,high energy half,0.06522389155211572,0.724367551206239,0.2364749985560819,0.020811178959518326,0.2364749985560819,0.041622156889840056,33,23.318518518518516,0.7
2021-11-10,Rotation,Sector 27,high energy half,-2.220446049250313e-16,1.0,0.30169889010819767,0.0018384015281221362,0.30169889010819767,0.003676803052833133,33,23.318518518518516,0.8
2021-11-10,Rotation,Sector 27,high energy half,0.12141276568095186,0.34975380867374495,0.18028612442724556,0.10359516439140797,0.18028612442724556,0.2069999519284319,33,23.31851851851852,0.9
2021-11-10,Rotation,Both Sectors,low energy half,0.049531303582882484,0.5426850848672986,0.06970944874717577,0.3034943729588577,0.06970944874717577,0.5902831537834753,118,48.44907407407407,0.0
2021-11-10,Rotation,Both Sectors,low energy half,0.09241643785146442,0.12525896217586413,0.02682431447859368,0.8291317213210122,0.09241643785146442,0.2500462044263421,118,48.44907407407407,0.1
2021-11-10,Rotation,Both Sectors,low energy half,0.09307499790639262,0.12163877737097563,0.02616575442366542,0.8363439269808871,0.09307499790639262,0.24285859063461557,118,48.449074074074076,0.2
2021-11-10,Rotation,Both Sectors,low energy half,0.058773866956195076,0.42592006656297393,0.060466885373862994,0.40565051139816777,0.060466885373862994,0.7581108688028643,118,48.44907407407407,0.3
2021-11-10,Rotation,Both Sectors,low energy half,0.01892715838383674,0.90758964801909,0.10031359394622155,0.08692693951023725,0.10031359394622155,0.1737463704945841,118,48.44907407407407,0.4
2021-11-10,Rotation,Both Sectors,low energy half,0.07008775501708764,0.29965302738888144,0.049152997312970736,0.5476219852098964,0.07008775501708764,0.5834326302719327,118,48.44907407407407,0.5
2021-11-10,Rotation,Both Sectors,low energy half,0.055957852848169565,0.46051672949135436,0.06328289948188859,0.37292719277053266,0.06328289948188859,0.7077760749341393,118,48.449074074074076,0.6
2021-11-10,Rotation,Both Sectors,low energy half,0.06918713299426416,0.3088446076959911,0.050053619335793775,0.5358823332992242,0.06918713299426416,0.5997709299624847,118,48.44907407407407,0.7
2021-11-10,Rotation,Both Sectors,low energy half,0.01603839115914729,0.931116768685124,0.10320236117091064,0.07548987901136195,0.10320236117091064,0.15091907560504667,118,48.449074074074076,0.8
2021-11-10,Rotation,Both Sectors,low energy half,0.042236409985580314,0.6385724752159586,0.07700434234447784,0.2345733256241807,0.07700434234447784,0.4632144787823832,118,48.44907407407407,0.9
2021-11-10,Rotation,Sector 1,low energy half,0.04345624501477263,0.8457602211091623,0.14509065271749055,0.1915196507561685,0.14509065271749055,0.380567838960964,37,25.130555555555556,0.0
2021-11-10,Rotation,Sector 1,low energy half,0.10298471346332516,0.4271511813610567,0.08556218426893791,0.5508459727154356,0.10298471346332516,0.7899040347221253,37,25.130555555555556,0.1
2021-11-10,Rotation,Sector 1,low energy half,0.15201694454485443,0.16360050788510544,0.03652995318740869,0.8849626458710529,0.15201694454485443,0.3259091252982682,37,25.130555555555556,0.2
2021-11-10,Rotation,Sector 1,low energy half,0.11233826951744486,0.36575109680912893,0.07620862821481811,0.6196779219988732,0.11233826951744486,0.6969353818272261,37,25.130555555555556,0.3
2021-11-10,Rotation,Sector 1,low energy half,0.055198229068019966,0.7701813902793875,0.13334866866424283,0.2460458376964604,0.13334866866424283,0.4851892694456371,37,25.130555555555556,0.4
2021-11-10,Rotation,Sector 1,low energy half,0.10859057355133384,0.3898311891621469,0.07995632418092896,0.5920570955499673,0.10859057355133384,0.7349854962207676,37,25.130555555555556,0.5
2021-11-10,Rotation,Sector 1,low energy half,0.0873187767185778,0.538000669387548,0.10122812101368517,0.43913862329550807,0.10122812101368517,0.8063878378408139,37,25.130555555555556,0.6
2021-11-10,Rotation,Sector 1,low energy half,0.06841897717326051,0.6769372003219698,0.12012792055900273,0.3182052710819137,0.12012792055900273,0.6167325920821103,37,25.130555555555556,0.7
2021-11-10,Rotation,Sector 1,low energy half,0.0,1.0,0.18854689773226307,0.06313510086280952,0.18854689773226307,0.12624571236599968,37,25.130555555555556,0.8
2021-11-10,Rotation,Sector 1,low energy half,0.04759230325716454,0.8200602865728528,0.14095459447509862,0.20968649039093176,0.14095459447509862,0.415787241917698,37,25.130555555555556,0.9
2021-11-10,Rotation,Sector 27,low energy half,0.049982744286005465,0.6458901156627503,0.08146927502470735,0.32361230177784756,0.08146927502470735,0.6257310956261555,81,23.318518518518513,0.0
2021-11-10,Rotation,Sector 27,low energy half,0.11176310257737632,0.12266502037388045,0.019688916733336462,0.9271964209598452,0.11176310257737632,0.24490526960701234,81,23.318518518518516,0.1
2021-11-10,Rotation,Sector 27,low energy half,0.07892405721053553,0.34633015299375186,0.05252796210017727,0.6181465709344498,0.07892405721053553,0.6644452233276421,81,23.318518518518516,0.2
2021-11-10,Rotation,Sector 27,low energy half,0.03938089733634553,0.7581721723656252,0.09207112197436745,0.23845949228209606,0.09207112197436745,0.47063703995966444,81,23.318518518518516,0.3
2021-11-10,Rotation,Sector 27,low energy half,0.0072302422074767,0.9871337078310244,0.12422177710323629,0.07542223353132926,0.12422177710323629,0.15078589434831688,81,23.318518518518516,0.4
2021-11-10,Rotation,Sector 27,low energy half,0.07504617864370086,0.38249064858910725,0.05640584066701182,0.5758227005546732,0.07504617864370086,0.7230177482988058,81,23.318518518518516,0.5
2021-11-10,Rotation,Sector 27,low energy half,0.04824577529138627,0.6647303573800138,0.08320624401932653,0.30859574800809303,0.08320624401932653,0.5994331922414817,81,23.318518518518516,0.6
2021-11-10,Rotation,Sector 27,low energy half,0.07400544339341456,0.39249494818944153,0.05744657591729829,0.5644972336913636,0.07400544339341456,0.7384803824114884,81,23.318518518518516,0.7
2021-11-10,Rotation,Sector 27,low energy half,0.03608723743862435,0.7909698015890614,0.09536478187208852,0.2152632021817928,0.09536478187208852,0.42637218993659076,81,23.318518518518516,0.8
2021-11-10,Rotation,Sector 27,low energy half,0.05174397912842965,0.6267030706456569,0.07970804018228306,0.3392439399862928,0.07970804018228306,0.6525160583001801,81,23.318518518518516,0.9
