"tstamp","TIC","ID","number_of_flares","tot_obs_time","phaseshift","N_mcmc_steps","p-value","AD2","subsample","period"
"2022_08_25",166527623,"HIP 67522",6,43.8944082996641,0.75,10000,0.0092,4.50282985156713,"total","orbit"
"2022_08_25",200322593,"TOI-540",15,111.236258255755,0.75,10000,0.0318,3.15058960400354,"total","orbit"
"2022_08_23",200322593,"TOI-540",15,111.236258255755,0,10000,0.0354,3.15058960400354,"total","orbit"
"2022_08_25",200322593,"TOI-540",15,111.236258255755,0.75,10000,0.0414,3.15058960400354,"total","orbit"
"2022_08_25",200322593,"TOI-540",15,111.236258255755,0.25,10000,0.042,3.15058960400354,"total","orbit"
"2022_08_24",200322593,"TOI-540",15,111.236258255755,0.5,10000,0.0518,3.15058960400354,"total","orbit"
"2022_08_24",67646988,"nan",11,45.3375642699011,0.5,10000,0.0644,2.74320332208554,"total","orbit"
"2022_08_25",67646988,"nan",11,45.3375642699011,0.75,10000,0.0648,2.74320332208554,"total","orbit"
"2022_08_23",48353358,"Kepler-1651",86,366.073717266677,0,10000,0.0688,2.53563004742355,"total","orbit"
"2022_08_25",67646988,"nan",11,45.3375642699011,0.75,10000,0.0724,2.74320332208554,"total","orbit"
"2022_08_23",67646988,"nan",11,45.3375642699011,0,10000,0.0746,2.74320332208554,"total","orbit"
"2022_08_23",67646988,"nan",11,45.3375642699011,0,10000,0.0798,2.74320332208554,"total","orbit"
"2022_08_25",67646988,"nan",11,45.3375642699011,0.25,10000,0.0806,2.74320332208554,"total","orbit"
"2022_08_23",67646988,"nan",13,45.3375642699011,0,10000,0.0822,2.74320332208554,"total","orbit"
"2022_08_24",48353358,"Kepler-1651",81,366.073717266677,0.5,10000,0.0884,2.53563301056739,"total","orbit"
"2022_08_25",48353358,"Kepler-1651",81,366.073717266677,0.25,10000,0.0894,2.53563301056739,"total","orbit"
"2022_08_25",48353358,"Kepler-1651",81,366.073717266677,0.75,10000,0.1014,2.53563301056739,"total","orbit"
"2022_08_25",48353358,"Kepler-1651",81,366.073717266677,0.75,10000,0.1036,2.53563301056739,"total","orbit"
"2022_08_25",138297607,"Kepler-636",13,104.934246241195,0.25,10000,0.1506,2.09124889326451,"total","orbit"
"2022_08_23",138297607,"Kepler-636",13,104.934246241195,0,10000,0.168,2.09124889326451,"total","orbit"
"2022_08_25",434226736,"K2-25",3,21.7548062000342,0.75,10000,0.174,2.15480100824048,"total","orbit"
"2022_08_25",138297607,"Kepler-636",13,104.934246241195,0.75,10000,0.1794,2.09124889326451,"total","orbit"
"2022_08_24",138297607,"Kepler-636",13,104.934246241195,0.5,10000,0.1832,2.09124889326451,"total","orbit"
"2022_08_25",138297607,"Kepler-636",13,104.934246241195,0.75,10000,0.1842,2.09124889326451,"total","orbit"
"2022_08_23",434226736,"K2-25",5,21.7548062000342,0,10000,0.19,2.15480100824048,"total","orbit"
"2022_08_25",122066949,"Kepler-705",4,443.495002911368,0.25,10000,0.1938,0.344821796105859,"total","orbit"
"2022_08_25",122066949,"Kepler-705",4,443.495002911368,0.75,10000,0.196,0.344821796105859,"total","orbit"
"2022_08_25",122066949,"Kepler-705",4,443.495002911368,0.75,10000,0.2008,0.344821796105859,"total","orbit"
"2022_08_24",122066949,"Kepler-705",4,443.495002911368,0.5,10000,0.2084,0.344821796105859,"total","orbit"
"2022_08_23",164886585,"Kepler-1661",3,374.930924609313,0,10000,0.2206,1.86542359757939,"total","orbit"
"2022_08_24","all","all",743,2302.45438339381,0,10000,0.2322,0.372999543326273,"total","orbit"
"2022_08_24",169461816,"KOI-12",31,1348.9041515747,0.5,10000,0.2764,0.391554567231232,"total","orbit"
"2022_08_25",158552258,"Kepler-1646",3,75.9846388106798,0.75,10000,0.2776,0.381052302015223,"total","orbit"
"2022_08_23",158657354,"Kepler-522",33,1028.62467060435,0,10000,0.278,0.386294536848691,"total","orbit"
"2022_08_25",27769688,"Kepler-396",7,485.99940968928,0.25,10000,0.279,1.59122596221987,"total","orbit"
"2022_08_23",158552258,"Kepler-1646",5,75.9846388106798,0,10000,0.2846,0.381052302015223,"total","orbit"
"2022_08_25",169461816,"KOI-12",31,1348.9041515747,0.25,10000,0.2868,0.391554567231232,"total","orbit"
"2022_08_25",169461816,"KOI-12",31,1348.9041515747,0.75,10000,0.2876,0.391554567231232,"total","orbit"
"2022_08_23",158657354,"Kepler-522",3,1028.62467060435,0,10000,0.2902,0.386294536848691,"total","orbit"
"2022_08_25",169461816,"KOI-12",31,1348.9041515747,0.75,10000,0.2916,0.391554567231232,"total","orbit"
"2022_08_23",169461816,"KOI-12",49,1348.9041515747,0,10000,0.2926,0.391554567231232,"total","orbit"
"2022_08_25",27769688,"Kepler-396",7,485.99940968928,0.75,10000,0.2936,1.59122596221987,"total","orbit"
"2022_08_23",169461816,"KOI-12",49,1348.9041515747,0,10000,0.2984,0.391554567231232,"total","orbit"
"2022_08_23",27769688,"Kepler-396",17,485.99940968928,0,10000,0.3072,1.59122596221987,"total","orbit"
"2022_08_23",27769688,"Kepler-396",17,485.99940968928,0,10000,0.319,1.59122596221987,"total","orbit"
"2022_08_23",236387002,"nan",15,71.9421548482083,0,10000,0.321,0.415603168896311,"total","orbit"
"2022_08_24",27769688,"Kepler-396",7,485.99940968928,0.5,10000,0.323,1.59122596221987,"total","orbit"
"2022_08_25",236387002,"nan",15,71.9421548482083,0.25,10000,0.3284,0.415603168896311,"total","orbit"
"2022_08_24",236387002,"nan",15,71.9421548482083,0.5,10000,0.3312,0.415603168896311,"total","orbit"
"2022_08_25",236387002,"nan",15,71.9421548482083,0.75,10000,0.3352,0.415603168896311,"total","orbit"
"2022_08_25",27769688,"Kepler-396",7,485.99940968928,0.75,10000,0.339,1.59122596221987,"total","orbit"
"2022_08_23",236387002,"nan",17,71.9421548482083,0,10000,0.3406,0.415603168896311,"total","orbit"
"2022_08_25",236387002,"nan",15,71.9421548482083,0.75,10000,0.344,0.415603168896311,"total","orbit"
"2022_08_23",27769688,"Kepler-396",9,485.99940968928,0,10000,0.3574,1.59122596221987,"total","orbit"
"2022_08_23",417676622,"Kepler-68",4,1090.92757069392,0,10000,0.3634,1.42401050437685,"total","orbit"
"2022_08_25",399954349,"Kepler-411",74,499.750638950533,0.25,10000,0.3732,0.447238974758548,"total","orbit"
"2022_08_23",399954349,"Kepler-411",80,499.750638950533,0,10000,0.3782,0.447238974758548,"total","orbit"
"2022_08_25",399954349,"Kepler-411",74,499.750638950533,0.75,10000,0.3864,0.447238974758548,"total","orbit"
"2022_08_25",410214986,"DS Tuc A",61,69.9175109754549,0.75,10000,0.4056,0.460880204288308,"total","orbit"
"2022_08_24",399954349,"Kepler-411",74,499.750638950533,0.5,10000,0.4062,0.447238974758548,"total","orbit"
"2022_08_25",399954349,"Kepler-411",74,499.750638950533,0.75,10000,0.4068,0.447238974758548,"total","orbit"
"2022_08_23",417676622,"Kepler-68",35,1090.92757069392,0,10000,0.4184,1.42401050437685,"total","orbit"
"2022_08_25",158322085,"Kepler-1558",7,72.8334790652007,0.75,10000,0.42,0.448916567109534,"total","orbit"
"2022_08_24",410214986,"DS Tuc A",61,69.9175109754549,0.5,10000,0.4224,0.460880204288308,"total","orbit"
"2022_08_23",410214986,"DS Tuc A",61,69.9175109754549,0,10000,0.4262,0.460880204288308,"total","orbit"
"2022_08_23",399954349,"Kepler-411",80,499.750638950533,0,10000,0.4282,0.447238974758548,"total","orbit"
"2022_08_25",267749737,"Kepler-1084",6,615.389574943367,0.75,10000,0.4334,0.474195310759855,"total","orbit"
"2022_08_25",272942100,"Kepler-249",3,713.388526971998,0.25,10000,0.436,1.2716599360373,"total","orbit"
"2022_08_23",267749737,"Kepler-1084",21,615.389574943367,0,10000,0.4388,0.474195310759855,"total","orbit"
"2022_08_23",410214986,"DS Tuc A",61,69.9175109754549,0,10000,0.4448,0.460880204288308,"total","orbit"
"2022_08_25",410214986,"DS Tuc A",61,69.9175109754549,0.75,10000,0.445,0.460880204288308,"total","orbit"
"2022_08_25",159376971,"Kepler-138",6,978.435121432316,0.75,10000,0.4452,1.2646605644375,"total","orbit"
"2022_08_25",410214986,"DS Tuc A",61,69.9175109754549,0.25,10000,0.4464,0.460880204288308,"total","orbit"
"2022_08_23",158322085,"Kepler-1558",9,72.8334790652007,0,10000,0.4476,0.448916567109534,"total","orbit"
"2022_08_25",267749737,"Kepler-1084",6,615.389574943367,0.25,10000,0.4508,0.474195310759855,"total","orbit"
"2022_08_23",159376971,"Kepler-138",8,978.435121432316,0,10000,0.4546,1.2646605644375,"total","orbit"
"2022_08_24",267749737,"Kepler-1084",6,615.389574943367,0.5,10000,0.4576,0.474195310759855,"total","orbit"
"2022_08_25",267749737,"Kepler-1084",6,615.389574943367,0.75,10000,0.4576,0.474195310759855,"total","orbit"
"2022_08_25",272942100,"Kepler-249",3,713.388526971998,0.75,10000,0.4708,1.2716599360373,"total","orbit"
"2022_08_23",272942100,"Kepler-249",19,713.388526971998,0,10000,0.4754,1.2716599360373,"total","orbit"
"2022_08_25",159376971,"Kepler-138",6,978.435121432316,0.25,10000,0.4756,1.2646605644375,"total","orbit"
"2022_08_24",272942100,"Kepler-249",3,713.388526971998,0.5,10000,0.478,1.2716599360373,"total","orbit"
"2022_08_24",159376971,"Kepler-138",6,978.435121432316,0.5,10000,0.479,1.2646605644375,"total","orbit"
"2022_08_23",267749737,"Kepler-1084",8,615.389574943367,0,10000,0.501,0.474195310759855,"total","orbit"
"2022_08_25",272942100,"Kepler-249",3,713.388526971998,0.75,10000,0.506,1.2716599360373,"total","orbit"
"2022_08_23",159376971,"Kepler-138",35,978.435121432316,0,10000,0.508,1.2646605644375,"total","orbit"
"2022_08_25",159376971,"Kepler-138",6,978.435121432316,0.75,10000,0.5104,1.2646605644375,"total","orbit"
"2022_08_25",468989066,"K2-354",3,90.1332023874516,0.75,10000,0.5134,1.24171929982746,"total","orbit"
"2022_08_23",468989066,"K2-354",5,90.1332023874516,0,10000,0.522,1.24171929982746,"total","orbit"
"2022_08_23",272942100,"Kepler-249",5,713.388526971998,0,10000,0.5322,1.2716599360373,"total","orbit"
"2022_08_23",441420236,"AU Mic",189,47.9300818729089,0,10000,0.5772,1.12670584881209,"total","orbit"
"2022_08_24",441420236,"AU Mic",189,47.9300818729089,0.5,10000,0.5832,1.12670584881209,"total","orbit"
"2022_08_23",98796344,"LTT 1445 A",18,43.8302853669102,0,10000,0.5884,0.545827711595777,"total","orbit"
"2022_08_25",98796344,"LTT 1445 A",18,43.8302853669102,0.75,10000,0.591,0.545827711595777,"total","orbit"
"2022_08_23",164557035,"Kepler-617",14,402.583782807857,0,10000,0.5942,0.524088623764774,"total","orbit"
"2022_08_23",164557035,"Kepler-617",3,402.583782807857,0,10000,0.5984,0.524088623764774,"total","orbit"
"2022_08_23",98796344,"LTT 1445 A",20,43.8302853669102,0,10000,0.6024,0.545827711595777,"total","orbit"
"2022_08_24",98796344,"LTT 1445 A",18,43.8302853669102,0.5,10000,0.6072,0.545827711595777,"total","orbit"
"2022_08_25",98796344,"LTT 1445 A",18,43.8302853669102,0.25,10000,0.6076,0.545827711595777,"total","orbit"
"2022_08_25",98796344,"LTT 1445 A",18,43.8302853669102,0.75,10000,0.6198,0.545827711595777,"total","orbit"
"2022_08_23",120418600,"Kepler-974",13,398.646380738301,0,10000,0.6388,0.561131177164393,"total","orbit"
"2022_08_25",460205581,"TOI-837",4,93.2788522993465,0.75,10000,0.643,1.01654603373415,"total","orbit"
"2022_08_23",164832454,"Kepler-504",19,659.769959212234,0,10000,0.6496,1.02736610228594,"total","orbit"
"2022_08_23",460205581,"TOI-837",6,93.2788522993465,0,10000,0.658,1.01654603373415,"total","orbit"
"2022_08_23",120418600,"Kepler-974",4,398.646380738301,0,10000,0.6654,0.561131177164393,"total","orbit"
"2022_08_23",164832454,"Kepler-504",3,659.769959212234,0,10000,0.666,1.02736610228594,"total","orbit"
"2022_08_25",298969755,"Kepler-155",5,132.383132293414,0.75,10000,0.7074,0.603665179247426,"total","orbit"
"2022_08_23",298969755,"Kepler-155",7,132.383132293414,0,10000,0.7102,0.603665179247426,"total","orbit"
"2022_08_24",28159518,"Kepler-367",7,369.005529632325,0.5,10000,0.7198,0.636209613935104,"total","orbit"
"2022_08_25",28159518,"Kepler-367",7,369.005529632325,0.25,10000,0.748,0.636209613935104,"total","orbit"
"2022_08_23",299096355,"Kepler-16",13,542.908236021942,0,10000,0.7502,0.637027949616764,"total","orbit"
"2022_08_25",28159518,"Kepler-367",7,369.005529632325,0.75,10000,0.7508,0.636209613935104,"total","orbit"
"2022_08_23",25155310,"WASP-126",20,437.859208913858,0,10000,0.7534,0.61118844970171,"total","orbit"
"2022_08_23",28159518,"Kepler-367",12,369.005529632325,0,10000,0.7648,0.636209613935104,"total","orbit"
"2022_08_25",63126862,"Kepler-42",27,813.703407642635,0.75,10000,0.765,0.88171363810012,"total","orbit"
"2022_08_23",25155310,"WASP-126",20,437.859208913858,0,10000,0.7684,0.61118844970171,"total","orbit"
"2022_08_23",273379660,"Kepler-862",5,25.4471372699936,0,10000,0.7706,0.635118126675779,"total","orbit"
"2022_08_23",299096355,"Kepler-16",4,542.908236021942,0,10000,0.7742,0.637027949616764,"total","orbit"
"2022_08_23",28159518,"Kepler-367",9,369.005529632325,0,10000,0.778,0.636209613935104,"total","orbit"
"2022_08_25",26417717,"Kepler-808",15,278.272544783678,0.25,10000,0.7792,0.65666206514652,"total","orbit"
"2022_08_23",25155310,"WASP-126",3,437.859208913858,0,10000,0.7806,0.61118844970171,"total","orbit"
"2022_08_25",28159518,"Kepler-367",7,369.005529632325,0.75,10000,0.7834,0.636209613935104,"total","orbit"
"2022_08_23",28159518,"Kepler-367",12,369.005529632325,0,10000,0.7872,0.636209613935104,"total","orbit"
"2022_08_25",164884002,"Kepler-55",9,865.085008366957,0.25,10000,0.7946,0.660876250575104,"total","orbit"
"2022_08_24",26417717,"Kepler-808",15,278.272544783678,0.5,10000,0.7972,0.65666206514652,"total","orbit"
"2022_08_23",26417717,"Kepler-808",16,278.272544783678,0,10000,0.7994,0.65666206514652,"total","orbit"
"2022_08_25",273379660,"Kepler-862",3,25.4471372699936,0.75,10000,0.8024,0.635118126675779,"total","orbit"
"2022_08_25",26417717,"Kepler-808",15,278.272544783678,0.75,10000,0.8038,0.65666206514652,"total","orbit"
"2022_08_25",63126862,"Kepler-42",27,813.703407642635,0.75,10000,0.8126,0.88171363810012,"total","orbit"
"2022_08_23",164884002,"Kepler-55",28,865.085008366957,0,10000,0.8148,0.660876250575104,"total","orbit"
"2022_08_23",28230919,"HAT-P-11",14,261.623456581567,0,10000,0.8154,0.659554376552098,"total","orbit"
"2022_08_25",164884002,"Kepler-55",9,865.085008366957,0.75,10000,0.8174,0.660876250575104,"total","orbit"
"2022_08_25",26417717,"Kepler-808",15,278.272544783678,0.75,10000,0.8178,0.65666206514652,"total","orbit"
"2022_08_24",164884002,"Kepler-55",9,865.085008366957,0.5,10000,0.8184,0.660876250575104,"total","orbit"
"2022_08_23",63126862,"Kepler-42",41,813.703407642635,0,10000,0.824,0.88171363810012,"total","orbit"
"2022_08_23",26417717,"Kepler-808",16,278.272544783678,0,10000,0.8268,0.65666206514652,"total","orbit"
"2022_08_25",28230919,"HAT-P-11",12,261.623456581567,0.75,10000,0.8282,0.659554376552098,"total","orbit"
"2022_08_25",28230919,"HAT-P-11",12,261.623456581567,0.75,10000,0.8292,0.659554376552098,"total","orbit"
"2022_08_23",28230919,"HAT-P-11",14,261.623456581567,0,10000,0.8336,0.659554376552098,"total","orbit"
"2022_08_23",26417717,"Kepler-808",17,278.272544783678,0,10000,0.835,0.65666206514652,"total","orbit"
"2022_08_25",28230919,"HAT-P-11",12,261.623456581567,0.25,10000,0.836,0.659554376552098,"total","orbit"
"2022_08_23",28230919,"HAT-P-11",14,261.623456581567,0,10000,0.846,0.659554376552098,"total","orbit"
"2022_08_24",28230919,"HAT-P-11",12,261.623456581567,0.5,10000,0.8542,0.659554376552098,"total","orbit"
"2022_08_23",63126862,"Kepler-42",41,813.703407642635,0,10000,0.8574,0.88171363810012,"total","orbit"
"2022_08_23",164884002,"Kepler-55",11,865.085008366957,0,10000,0.8614,0.660876250575104,"total","orbit"
"2022_08_25",164884002,"Kepler-55",9,865.085008366957,0.75,10000,0.8622,0.660876250575104,"total","orbit"
"2022_08_25",63126862,"Kepler-42",27,813.703407642635,0.25,10000,0.8654,0.88171363810012,"total","orbit"
"2022_08_23",63126862,"Kepler-42",41,813.703407642635,0,10000,0.8724,0.88171363810012,"total","orbit"
"2022_08_24",63126862,"Kepler-42",27,813.703407642635,0.5,10000,0.8754,0.88171363810012,"total","orbit"
"2022_08_25",307210830,"L 98-59",5,310.964823778131,0.25,10000,0.9126,0.741146244208945,"total","orbit"
"2022_08_23",63126862,"Kepler-42",41,813.703407642635,0,10000,0.914,0.88171363810012,"total","orbit"
"2022_08_23",120105470,"Kepler-1627",57,165.88897244376,0,10000,0.916,0.759560906211043,"total","orbit"
"2022_08_25",120105470,"Kepler-1627",56,165.88897244376,0.75,10000,0.9254,0.759560906211043,"total","orbit"
"2022_08_23",307210830,"L 98-59",16,310.964823778131,0,10000,0.9266,0.741146244208945,"total","orbit"
"2022_08_23",120105470,"Kepler-1627",57,165.88897244376,0,10000,0.9476,0.759560906211043,"total","orbit"
"2022_08_25",307210830,"L 98-59",5,310.964823778131,0.75,10000,0.9556,0.741146244208945,"total","orbit"
"2022_08_25",120105470,"Kepler-1627",56,165.88897244376,0.75,10000,0.9648,0.759560906211043,"total","orbit"
"2022_08_23",307210830,"L 98-59",7,310.964823778131,0,10000,0.9784,0.741146244208945,"total","orbit"
"2022_08_24",120105470,"Kepler-1627",56,165.88897244376,0.5,10000,0.9902,0.759560906211043,"total","orbit"
"2022_08_23",120105470,"Kepler-1627",57,165.88897244376,0,10000,0.9908,0.759560906211043,"total","orbit"
"2022_08_25",307210830,"L 98-59",5,310.964823778131,0.75,10000,0.9914,0.741146244208945,"total","orbit"
"2022_08_25",120105470,"Kepler-1627",56,165.88897244376,0.25,10000,0.9932,0.759560906211043,"total","orbit"
"2022_08_24",307210830,"L 98-59",5,310.964823778131,0.5,10000,0.9974,0.741146244208945,"total","orbit"
"2022_08_23",164457525,"Kepler-453",12,0,0,10000,0.9999,0,"total","orbit"
"2022_08_23",164457525,"Kepler-453",3,0,0,10000,0.9999,0,"total","orbit"
"2022_08_31",26417717,"Kepler-808",13,278.272544783678,0,10000,0.5762,0.54384887078559,"ED>1s","orbit"
"2022_08_31",27769688,"Kepler-396",3,232.876315088026,0,10000,0.2056,1.86952569795133,"ED>1s","orbit"
"2022_08_31",28159518,"Kepler-367",5,244.340292013316,0,10000,0.8394,0.688619990153129,"ED>1s","orbit"
"2022_08_31",28230919,"HAT-P-11",3,163.425781096776,0,10000,0.5358,1.21906670912714,"ED>1s","orbit"
"2022_08_31",48353358,"Kepler-1651",51,271.878416625888,0,10000,0.2018,1.93746021227963,"ED>1s","orbit"
"2022_08_31",63126862,"Kepler-42",27,687.930238733381,0,10000,0.8226,0.877864952556781,"ED>1s","orbit"
"2022_08_31",67646988,"nan",11,45.3375642699011,0,10000,0.079,2.74320332208554,"ED>1s","orbit"
"2022_08_31",98796344,"LTT 1445 A",13,43.8302853669102,0,10000,0.7476,0.623082808630572,"ED>1s","orbit"
"2022_08_31",120105470,"Kepler-1627",37,165.88897244376,0,10000,0.9422,0.792130602994988,"ED>1s","orbit"
"2022_08_31",122066949,"Kepler-705",4,249.611790530871,0,10000,0.4348,0.456627759702075,"ED>1s","orbit"
"2022_08_31",138297607,"Kepler-636",8,87.3055527058168,0,10000,0.2838,0.383844972120025,"ED>1s","orbit"
"2022_08_31",158322085,"Kepler-1558",6,72.8334790652007,0,10000,0.947,0.733308502602982,"ED>1s","orbit"
"2022_08_31",158552258,"Kepler-1646",3,75.9846388106798,0,10000,0.2658,0.381052302015223,"ED>1s","orbit"
"2022_08_31",164884002,"Kepler-55",9,549.629799270049,0,10000,0.8562,0.660490102773833,"ED>1s","orbit"
"2022_08_31",166527623,"HIP 67522",6,43.8944082996641,0,10000,0.0148,4.50282985156713,"ED>1s","orbit"
"2022_08_31",169461816,"KOI-12",8,674.358929401606,0,10000,0.5516,0.509925763121768,"ED>1s","orbit"
"2022_08_31",200322593,"TOI-540",14,111.236258255755,0,10000,0.0802,2.60585359719326,"ED>1s","orbit"
"2022_08_31",236387002,"nan",14,71.9421548482083,0,10000,0.2538,0.368874501624822,"ED>1s","orbit"
"2022_08_31",272942100,"Kepler-249",3,162.34614160654,0,10000,0.4658,1.25409227036883,"ED>1s","orbit"
"2022_08_31",273379660,"Kepler-862",3,25.4471372699936,0,10000,0.7664,0.635118126675779,"ED>1s","orbit"
"2022_08_31",298969755,"Kepler-155",5,67.5551955460178,0,10000,0.7524,0.623204089106094,"ED>1s","orbit"
"2022_08_31",307210830,"L 98-59",5,68.2088495639941,0,10000,0.9012,0.737682404121713,"ED>1s","orbit"
"2022_08_31",399954349,"Kepler-411",19,295.238659437004,0,10000,0.1202,0.295462051684336,"ED>1s","orbit"
"2022_08_31",410214986,"DS Tuc A",28,69.9175109754549,0,10000,0.8432,0.854157395208659,"ED>1s","orbit"
"2022_08_31",434226736,"K2-25",3,21.7548062000342,0,10000,0.1588,2.15480100824048,"ED>1s","orbit"
"2022_08_31",441420236,"AU Mic",68,47.9300818729089,0,10000,0.1068,2.27878888209088,"ED>1s","orbit"
"2022_08_31",460205581,"TOI-837",4,69.7318577012061,0,10000,0.6654,1.02816544804806,"ED>1s","orbit"
"2022_08_31",468989066,"K2-354",3,67.5828322599687,0,10000,0.4864,1.25214111400252,"ED>1s","orbit"
"2022_08_31",26417717,"Kepler-808",13,278.272544783678,0.5,10000,0.572,0.54384887078559,"ED>1s","orbit"
"2022_08_31",27769688,"Kepler-396",3,232.876315088026,0.5,10000,0.2356,1.86952569795133,"ED>1s","orbit"
"2022_08_31",28159518,"Kepler-367",5,244.340292013316,0.5,10000,0.8836,0.688619990153129,"ED>1s","orbit"
"2022_08_31",28230919,"HAT-P-11",3,163.425781096776,0.5,10000,0.5316,1.21906670912714,"ED>1s","orbit"
"2022_08_31",48353358,"Kepler-1651",51,271.878416625888,0.5,10000,0.2072,1.93746021227963,"ED>1s","orbit"
"2022_08_31",63126862,"Kepler-42",27,687.930238733381,0.5,10000,0.8374,0.877864952556781,"ED>1s","orbit"
"2022_08_31",67646988,"nan",11,45.3375642699011,0.5,10000,0.0636,2.74320332208554,"ED>1s","orbit"
"2022_08_31",98796344,"LTT 1445 A",13,43.8302853669102,0.5,10000,0.7198,0.623082808630572,"ED>1s","orbit"
"2022_08_31",120105470,"Kepler-1627",37,165.88897244376,0.5,10000,0.9786,0.792130602994988,"ED>1s","orbit"
"2022_08_31",122066949,"Kepler-705",4,249.611790530871,0.5,10000,0.4002,0.456627759702075,"ED>1s","orbit"
"2022_08_31",138297607,"Kepler-636",8,87.3055527058168,0.5,10000,0.2862,0.383844972120025,"ED>1s","orbit"
"2022_08_31",158322085,"Kepler-1558",6,72.8334790652007,0.5,10000,0.935,0.733308502602982,"ED>1s","orbit"
"2022_08_31",158552258,"Kepler-1646",3,75.9846388106798,0.5,10000,0.2884,0.381052302015223,"ED>1s","orbit"
"2022_08_31",164884002,"Kepler-55",9,549.629799270049,0.5,10000,0.8302,0.660490102773833,"ED>1s","orbit"
"2022_08_31",166527623,"HIP 67522",6,43.8944082996641,0.5,10000,0.0084,4.50282985156713,"ED>1s","orbit"
"2022_08_31",169461816,"KOI-12",8,674.358929401606,0.5,10000,0.5318,0.509925763121768,"ED>1s","orbit"
"2022_08_31",200322593,"TOI-540",14,111.236258255755,0.5,10000,0.0794,2.60585359719326,"ED>1s","orbit"
"2022_08_31",236387002,"nan",14,71.9421548482083,0.5,10000,0.2362,0.368874501624822,"ED>1s","orbit"
"2022_08_31",272942100,"Kepler-249",3,162.34614160654,0.5,10000,0.5018,1.25409227036883,"ED>1s","orbit"
"2022_08_31",273379660,"Kepler-862",3,25.4471372699936,0.5,10000,0.7628,0.635118126675779,"ED>1s","orbit"
"2022_08_31",298969755,"Kepler-155",5,67.5551955460178,0.5,10000,0.7398,0.623204089106094,"ED>1s","orbit"
"2022_08_31",307210830,"L 98-59",5,68.2088495639941,0.5,10000,0.928,0.737682404121713,"ED>1s","orbit"
"2022_08_31",399954349,"Kepler-411",19,295.238659437004,0.5,10000,0.1184,0.295462051684336,"ED>1s","orbit"
"2022_08_31",410214986,"DS Tuc A",28,69.9175109754549,0.5,10000,0.8706,0.854157395208659,"ED>1s","orbit"
"2022_08_31",434226736,"K2-25",3,21.7548062000342,0.5,10000,0.1672,2.15480100824048,"ED>1s","orbit"
"2022_08_31",441420236,"AU Mic",68,47.9300818729089,0.5,10000,0.116,2.27878888209088,"ED>1s","orbit"
"2022_08_31",460205581,"TOI-837",4,69.7318577012061,0.5,10000,0.729,1.02816544804806,"ED>1s","orbit"
"2022_08_31",468989066,"K2-354",3,67.5828322599687,0.5,10000,0.5094,1.25214111400252,"ED>1s","orbit"
"2022_08_31",26417717,"Kepler-808",13,278.272544783678,0.25,10000,0.6092,0.54384887078559,"ED>1s","orbit"
"2022_08_31",27769688,"Kepler-396",3,232.876315088026,0.25,10000,0.2392,1.86952569795133,"ED>1s","orbit"
"2022_08_31",28159518,"Kepler-367",5,244.340292013316,0.25,10000,0.8692,0.688619990153129,"ED>1s","orbit"
"2022_08_31",28230919,"HAT-P-11",3,163.425781096776,0.25,10000,0.5242,1.21906670912714,"ED>1s","orbit"
"2022_08_31",48353358,"Kepler-1651",51,271.878416625888,0.25,10000,0.1962,1.93746021227963,"ED>1s","orbit"
"2022_08_31",63126862,"Kepler-42",27,687.930238733381,0.25,10000,0.8288,0.877864952556781,"ED>1s","orbit"
"2022_08_31",67646988,"nan",11,45.3375642699011,0.25,10000,0.073,2.74320332208554,"ED>1s","orbit"
"2022_08_31",98796344,"LTT 1445 A",13,43.8302853669102,0.25,10000,0.7484,0.623082808630572,"ED>1s","orbit"
"2022_08_31",120105470,"Kepler-1627",37,165.88897244376,0.25,10000,0.935,0.792130602994988,"ED>1s","orbit"
"2022_08_31",122066949,"Kepler-705",4,249.611790530871,0.25,10000,0.443,0.456627759702075,"ED>1s","orbit"
"2022_08_31",138297607,"Kepler-636",8,87.3055527058168,0.25,10000,0.3062,0.383844972120025,"ED>1s","orbit"
"2022_08_31",158322085,"Kepler-1558",6,72.8334790652007,0.25,10000,0.9142,0.733308502602982,"ED>1s","orbit"
"2022_08_31",158552258,"Kepler-1646",3,75.9846388106798,0.25,10000,0.2542,0.381052302015223,"ED>1s","orbit"
"2022_08_31",164884002,"Kepler-55",9,549.629799270049,0.25,10000,0.8142,0.660490102773833,"ED>1s","orbit"
"2022_08_31",166527623,"HIP 67522",6,43.8944082996641,0.25,10000,0.0084,4.50282985156713,"ED>1s","orbit"
"2022_08_31",169461816,"KOI-12",8,674.358929401606,0.25,10000,0.5232,0.509925763121768,"ED>1s","orbit"
"2022_08_31",200322593,"TOI-540",14,111.236258255755,0.25,10000,0.098,2.60585359719326,"ED>1s","orbit"
"2022_08_31",236387002,"nan",14,71.9421548482083,0.25,10000,0.2544,0.368874501624822,"ED>1s","orbit"
"2022_08_31",272942100,"Kepler-249",3,162.34614160654,0.25,10000,0.5048,1.25409227036883,"ED>1s","orbit"
"2022_08_31",273379660,"Kepler-862",3,25.4471372699936,0.25,10000,0.7364,0.635118126675779,"ED>1s","orbit"
"2022_08_31",298969755,"Kepler-155",5,67.5551955460178,0.25,10000,0.7524,0.623204089106094,"ED>1s","orbit"
"2022_08_31",307210830,"L 98-59",5,68.2088495639941,0.25,10000,0.9404,0.737682404121713,"ED>1s","orbit"
"2022_08_31",399954349,"Kepler-411",19,295.238659437004,0.25,10000,0.1152,0.295462051684336,"ED>1s","orbit"
"2022_08_31",410214986,"DS Tuc A",28,69.9175109754549,0.25,10000,0.9008,0.854157395208659,"ED>1s","orbit"
"2022_08_31",434226736,"K2-25",3,21.7548062000342,0.25,10000,0.174,2.15480100824048,"ED>1s","orbit"
"2022_08_31",441420236,"AU Mic",68,47.9300818729089,0.25,10000,0.1296,2.27878888209088,"ED>1s","orbit"
"2022_08_31",460205581,"TOI-837",4,69.7318577012061,0.25,10000,0.6964,1.02816544804806,"ED>1s","orbit"
"2022_08_31",468989066,"K2-354",3,67.5828322599687,0.25,10000,0.5156,1.25214111400252,"ED>1s","orbit"
"2022_08_31",26417717,"Kepler-808",13,278.272544783678,0.75,10000,0.5964,0.54384887078559,"ED>1s","orbit"
"2022_08_31",27769688,"Kepler-396",3,232.876315088026,0.75,10000,0.2188,1.86952569795133,"ED>1s","orbit"
"2022_08_31",28159518,"Kepler-367",5,244.340292013316,0.75,10000,0.8872,0.688619990153129,"ED>1s","orbit"
"2022_08_31",28230919,"HAT-P-11",3,163.425781096776,0.75,10000,0.5438,1.21906670912714,"ED>1s","orbit"
"2022_08_31",48353358,"Kepler-1651",51,271.878416625888,0.75,10000,0.2044,1.93746021227963,"ED>1s","orbit"
"2022_08_31",63126862,"Kepler-42",27,687.930238733381,0.75,10000,0.886,0.877864952556781,"ED>1s","orbit"
"2022_08_31",67646988,"nan",11,45.3375642699011,0.75,10000,0.0804,2.74320332208554,"ED>1s","orbit"
"2022_08_31",98796344,"LTT 1445 A",13,43.8302853669102,0.75,10000,0.7654,0.623082808630572,"ED>1s","orbit"
"2022_08_31",120105470,"Kepler-1627",37,165.88897244376,0.75,10000,0.9874,0.792130602994988,"ED>1s","orbit"
"2022_08_31",122066949,"Kepler-705",4,249.611790530871,0.75,10000,0.4318,0.456627759702075,"ED>1s","orbit"
"2022_08_31",138297607,"Kepler-636",8,87.3055527058168,0.75,10000,0.2704,0.383844972120025,"ED>1s","orbit"
"2022_08_31",158322085,"Kepler-1558",6,72.8334790652007,0.75,10000,0.9328,0.733308502602982,"ED>1s","orbit"
"2022_08_31",158552258,"Kepler-1646",3,75.9846388106798,0.75,10000,0.2766,0.381052302015223,"ED>1s","orbit"
"2022_08_31",164884002,"Kepler-55",9,549.629799270049,0.75,10000,0.8486,0.660490102773833,"ED>1s","orbit"
"2022_08_31",166527623,"HIP 67522",6,43.8944082996641,0.75,10000,0.009,4.50282985156713,"ED>1s","orbit"
"2022_08_31",169461816,"KOI-12",8,674.358929401606,0.75,10000,0.5508,0.509925763121768,"ED>1s","orbit"
"2022_08_31",200322593,"TOI-540",14,111.236258255755,0.75,10000,0.0802,2.60585359719326,"ED>1s","orbit"
"2022_08_31",236387002,"nan",14,71.9421548482083,0.75,10000,0.2572,0.368874501624822,"ED>1s","orbit"
"2022_08_31",272942100,"Kepler-249",3,162.34614160654,0.75,10000,0.5142,1.25409227036883,"ED>1s","orbit"
"2022_08_31",273379660,"Kepler-862",3,25.4471372699936,0.75,10000,0.807,0.635118126675779,"ED>1s","orbit"
"2022_08_31",298969755,"Kepler-155",5,67.5551955460178,0.75,10000,0.7942,0.623204089106094,"ED>1s","orbit"
"2022_08_31",307210830,"L 98-59",5,68.2088495639941,0.75,10000,0.927,0.737682404121713,"ED>1s","orbit"
"2022_08_31",399954349,"Kepler-411",19,295.238659437004,0.75,10000,0.1252,0.295462051684336,"ED>1s","orbit"
"2022_08_31",410214986,"DS Tuc A",28,69.9175109754549,0.75,10000,0.8884,0.854157395208659,"ED>1s","orbit"
"2022_08_31",434226736,"K2-25",3,21.7548062000342,0.75,10000,0.2266,2.15480100824048,"ED>1s","orbit"
"2022_08_31",441420236,"AU Mic",68,47.9300818729089,0.75,10000,0.1414,2.27878888209088,"ED>1s","orbit"
"2022_08_31",460205581,"TOI-837",4,69.7318577012061,0.75,10000,0.7222,1.02816544804806,"ED>1s","orbit"
"2022_08_31",468989066,"K2-354",3,67.5828322599687,0.75,10000,0.531,1.25214111400252,"ED>1s","orbit"
"2022_09_02",26417717,"Kepler-808",13,278.272544783678,0,10000,0.133,2.36831879336082,"ED>1s","rotation"
"2022_09_02",27769688,"Kepler-396",3,232.876315088026,0,10000,0.6392,0.552739836576695,"ED>1s","rotation"
"2022_09_02",28159518,"Kepler-367",5,244.340292013316,0,10000,0.4244,1.32082681390818,"ED>1s","rotation"
"2022_09_02",28230919,"HAT-P-11",3,163.425781096776,0,10000,0.0058,5.00196436745808,"ED>1s","rotation"
"2022_09_02",48353358,"Kepler-1651",51,271.878416625888,0,10000,0.2112,1.90276552902748,"ED>1s","rotation"
"2022_09_02",63126862,"Kepler-42",27,687.930238733381,0,10000,0.066,0.252789304379117,"ED>1s","rotation"
"2022_09_02",67646988,"nan",11,45.3375642699011,0,10000,0.8642,0.835915331161042,"ED>1s","rotation"
"2022_09_02",98796344,"LTT 1445 A",13,43.8302853669102,0,10000,0,0,"ED>1s","rotation"
"2022_09_02",120105470,"Kepler-1627",37,165.88897244376,0,10000,0.5876,0.537922681725185,"ED>1s","rotation"
"2022_09_02",122066949,"Kepler-705",4,249.611790530871,0,10000,0.3544,1.55120616665358,"ED>1s","rotation"
"2022_09_02",138297607,"Kepler-636",8,87.3055527058168,0,10000,0,0,"ED>1s","rotation"
"2022_09_02",158322085,"Kepler-1558",6,72.8334790652007,0,10000,0.6374,1.08184281200904,"ED>1s","rotation"
"2022_09_02",158552258,"Kepler-1646",3,75.9846388106798,0,10000,0.4842,0.478689074989573,"ED>1s","rotation"
"2022_09_02",164884002,"Kepler-55",9,549.629799270049,0,10000,0.7804,0.909768097126376,"ED>1s","rotation"
"2022_09_02",166527623,"HIP 67522",6,43.8944082996641,0,10000,0.7852,0.908632999399167,"ED>1s","rotation"
"2022_09_02",169461816,"KOI-12",8,674.358929401606,0,10000,0.0938,0.280211375879983,"ED>1s","rotation"
"2022_09_02",200322593,"TOI-540",14,111.236258255755,0,10000,0.7154,0.585905874780748,"ED>1s","rotation"
"2022_09_02",236387002,"nan",14,71.9421548482083,0,10000,0.1256,0.300067862202109,"ED>1s","rotation"
"2022_09_02",272942100,"Kepler-249",3,162.34614160654,0,10000,0.5396,1.22967027808211,"ED>1s","rotation"
"2022_09_02",273379660,"Kepler-862",3,25.4471372699936,0,10000,0.5328,1.19149866423914,"ED>1s","rotation"
"2022_09_02",298969755,"Kepler-155",5,67.5551955460178,0,10000,0.4904,1.23080033628091,"ED>1s","rotation"
"2022_09_02",307210830,"L 98-59",5,68.2088495639941,0,10000,0.7778,0.61739970257641,"ED>1s","rotation"
"2022_09_02",399954349,"Kepler-411",19,295.238659437004,0,10000,0.4476,1.32913127620287,"ED>1s","rotation"
"2022_09_02",410214986,"DS Tuc A",28,69.9175109754549,0,10000,0.027,3.37475821699466,"ED>1s","rotation"
"2022_09_02",434226736,"K2-25",3,21.7548062000342,0,10000,0.3172,0.403790302918923,"ED>1s","rotation"
"2022_09_02",441420236,"AU Mic",68,47.9300818729089,0,10000,0.2092,1.93032380061746,"ED>1s","rotation"
"2022_09_02",460205581,"TOI-837",4,69.7318577012061,0,10000,0.94,0.728487718637174,"ED>1s","rotation"
"2022_09_02",468989066,"K2-354",3,67.5828322599687,0,10000,0,0,"ED>1s","rotation"
"2022_09_02",26417717,"Kepler-808",13,278.272544783678,0.5,10000,0.1294,2.36831879336082,"ED>1s","rotation"
"2022_09_02",27769688,"Kepler-396",3,232.876315088026,0.5,10000,0.6194,0.552739836576695,"ED>1s","rotation"
"2022_09_02",28159518,"Kepler-367",5,244.340292013316,0.5,10000,0.4374,1.32082681390818,"ED>1s","rotation"
"2022_09_02",28230919,"HAT-P-11",3,163.425781096776,0.5,10000,0.0024,5.00196436745808,"ED>1s","rotation"
"2022_09_02",48353358,"Kepler-1651",51,271.878416625888,0.5,10000,0.2204,1.90276552902748,"ED>1s","rotation"
"2022_09_02",63126862,"Kepler-42",27,687.930238733381,0.5,10000,0.0642,0.252789304379117,"ED>1s","rotation"
"2022_09_02",67646988,"nan",11,45.3375642699011,0.5,10000,0.9006,0.835915331161042,"ED>1s","rotation"
"2022_09_02",98796344,"LTT 1445 A",13,43.8302853669102,0.5,10000,0,0,"ED>1s","rotation"
"2022_09_02",120105470,"Kepler-1627",37,165.88897244376,0.5,10000,0.5808,0.537922681725185,"ED>1s","rotation"
"2022_09_02",122066949,"Kepler-705",4,249.611790530871,0.5,10000,0.3238,1.55120616665358,"ED>1s","rotation"
"2022_09_02",138297607,"Kepler-636",8,87.3055527058168,0.5,10000,0,0,"ED>1s","rotation"
"2022_09_02",158322085,"Kepler-1558",6,72.8334790652007,0.5,10000,0.6122,1.08184281200904,"ED>1s","rotation"
"2022_09_02",158552258,"Kepler-1646",3,75.9846388106798,0.5,10000,0.4856,0.478689074989573,"ED>1s","rotation"
"2022_09_02",164884002,"Kepler-55",9,549.629799270049,0.5,10000,0.8362,0.909768097126376,"ED>1s","rotation"
"2022_09_02",166527623,"HIP 67522",6,43.8944082996641,0.5,10000,0.8008,0.908632999399167,"ED>1s","rotation"
"2022_09_02",169461816,"KOI-12",8,674.358929401606,0.5,10000,0.0896,0.280211375879983,"ED>1s","rotation"
"2022_09_02",200322593,"TOI-540",14,111.236258255755,0.5,10000,0.6854,0.585905874780748,"ED>1s","rotation"
"2022_09_02",236387002,"nan",14,71.9421548482083,0.5,10000,0.125,0.300067862202109,"ED>1s","rotation"
"2022_09_02",272942100,"Kepler-249",3,162.34614160654,0.5,10000,0.5244,1.22967027808211,"ED>1s","rotation"
"2022_09_02",273379660,"Kepler-862",3,25.4471372699936,0.5,10000,0.5792,1.19149866423914,"ED>1s","rotation"
"2022_09_02",298969755,"Kepler-155",5,67.5551955460178,0.5,10000,0.5068,1.23080033628091,"ED>1s","rotation"
"2022_09_02",307210830,"L 98-59",5,68.2088495639941,0.5,10000,0.741,0.61739970257641,"ED>1s","rotation"
"2022_09_02",399954349,"Kepler-411",19,295.238659437004,0.5,10000,0.4628,1.32913127620287,"ED>1s","rotation"
"2022_09_02",410214986,"DS Tuc A",28,69.9175109754549,0.5,10000,0.036,3.37475821699466,"ED>1s","rotation"
"2022_09_02",434226736,"K2-25",3,21.7548062000342,0.5,10000,0.3368,0.403790302918923,"ED>1s","rotation"
"2022_09_02",441420236,"AU Mic",68,47.9300818729089,0.5,10000,0.2186,1.93032380061746,"ED>1s","rotation"
"2022_09_02",460205581,"TOI-837",4,69.7318577012061,0.5,10000,0.9338,0.728487718637174,"ED>1s","rotation"
"2022_09_02",468989066,"K2-354",3,67.5828322599687,0.5,10000,0,0,"ED>1s","rotation"
"2022_09_02",26417717,"Kepler-808",13,278.272544783678,0.25,10000,0.1402,2.36831879336082,"ED>1s","rotation"
"2022_09_02",27769688,"Kepler-396",3,232.876315088026,0.25,10000,0.6452,0.552739836576695,"ED>1s","rotation"
"2022_09_02",28159518,"Kepler-367",5,244.340292013316,0.25,10000,0.4098,1.32082681390818,"ED>1s","rotation"
"2022_09_02",28230919,"HAT-P-11",3,163.425781096776,0.25,10000,0.0052,5.00196436745808,"ED>1s","rotation"
"2022_09_02",48353358,"Kepler-1651",51,271.878416625888,0.25,10000,0.2106,1.90276552902748,"ED>1s","rotation"
"2022_09_02",63126862,"Kepler-42",27,687.930238733381,0.25,10000,0.063,0.252789304379117,"ED>1s","rotation"
"2022_09_02",67646988,"nan",11,45.3375642699011,0.25,10000,0.8864,0.835915331161042,"ED>1s","rotation"
"2022_09_02",98796344,"LTT 1445 A",13,43.8302853669102,0.25,10000,0,0,"ED>1s","rotation"
"2022_09_02",120105470,"Kepler-1627",37,165.88897244376,0.25,10000,0.5796,0.537922681725185,"ED>1s","rotation"
"2022_09_02",122066949,"Kepler-705",4,249.611790530871,0.25,10000,0.3554,1.55120616665358,"ED>1s","rotation"
"2022_09_02",138297607,"Kepler-636",8,87.3055527058168,0.25,10000,0,0,"ED>1s","rotation"
"2022_09_02",158322085,"Kepler-1558",6,72.8334790652007,0.25,10000,0.6512,1.08184281200904,"ED>1s","rotation"
"2022_09_02",158552258,"Kepler-1646",3,75.9846388106798,0.25,10000,0.466,0.478689074989573,"ED>1s","rotation"
"2022_09_02",164884002,"Kepler-55",9,549.629799270049,0.25,10000,0.7856,0.909768097126376,"ED>1s","rotation"
"2022_09_02",166527623,"HIP 67522",6,43.8944082996641,0.25,10000,0.8288,0.908632999399167,"ED>1s","rotation"
"2022_09_02",169461816,"KOI-12",8,674.358929401606,0.25,10000,0.0902,0.280211375879983,"ED>1s","rotation"
"2022_09_02",200322593,"TOI-540",14,111.236258255755,0.25,10000,0.7,0.585905874780748,"ED>1s","rotation"
"2022_09_02",236387002,"nan",14,71.9421548482083,0.25,10000,0.1366,0.300067862202109,"ED>1s","rotation"
"2022_09_02",272942100,"Kepler-249",3,162.34614160654,0.25,10000,0.4958,1.22967027808211,"ED>1s","rotation"
"2022_09_02",273379660,"Kepler-862",3,25.4471372699936,0.25,10000,0.54,1.19149866423914,"ED>1s","rotation"
"2022_09_02",298969755,"Kepler-155",5,67.5551955460178,0.25,10000,0.4664,1.23080033628091,"ED>1s","rotation"
"2022_09_02",307210830,"L 98-59",5,68.2088495639941,0.25,10000,0.758,0.61739970257641,"ED>1s","rotation"
"2022_09_02",399954349,"Kepler-411",19,295.238659437004,0.25,10000,0.4424,1.32913127620287,"ED>1s","rotation"
"2022_09_02",410214986,"DS Tuc A",28,69.9175109754549,0.25,10000,0.0494,3.37475821699466,"ED>1s","rotation"
"2022_09_02",434226736,"K2-25",3,21.7548062000342,0.25,10000,0.3282,0.403790302918923,"ED>1s","rotation"
"2022_09_02",441420236,"AU Mic",68,47.9300818729089,0.25,10000,0.2006,1.93032380061746,"ED>1s","rotation"
"2022_09_02",460205581,"TOI-837",4,69.7318577012061,0.25,10000,0.8926,0.728487718637174,"ED>1s","rotation"
"2022_09_02",468989066,"K2-354",3,67.5828322599687,0.25,10000,0,0,"ED>1s","rotation"
"2022_09_02",26417717,"Kepler-808",13,278.272544783678,0.75,10000,0.1118,2.36831879336082,"ED>1s","rotation"
"2022_09_02",27769688,"Kepler-396",3,232.876315088026,0.75,10000,0.6266,0.552739836576695,"ED>1s","rotation"
"2022_09_02",28159518,"Kepler-367",5,244.340292013316,0.75,10000,0.4524,1.32082681390818,"ED>1s","rotation"
"2022_09_02",28230919,"HAT-P-11",3,163.425781096776,0.75,10000,0.0064,5.00196436745808,"ED>1s","rotation"
"2022_09_02",48353358,"Kepler-1651",51,271.878416625888,0.75,10000,0.2096,1.90276552902748,"ED>1s","rotation"
"2022_09_02",63126862,"Kepler-42",27,687.930238733381,0.75,10000,0.0584,0.252789304379117,"ED>1s","rotation"
"2022_09_02",67646988,"nan",11,45.3375642699011,0.75,10000,0.9096,0.835915331161042,"ED>1s","rotation"
"2022_09_02",98796344,"LTT 1445 A",13,43.8302853669102,0.75,10000,0,0,"ED>1s","rotation"
"2022_09_02",120105470,"Kepler-1627",37,165.88897244376,0.75,10000,0.6166,0.537922681725185,"ED>1s","rotation"
"2022_09_02",122066949,"Kepler-705",4,249.611790530871,0.75,10000,0.3294,1.55120616665358,"ED>1s","rotation"
"2022_09_02",138297607,"Kepler-636",8,87.3055527058168,0.75,10000,0,0,"ED>1s","rotation"
"2022_09_02",158322085,"Kepler-1558",6,72.8334790652007,0.75,10000,0.6522,1.08184281200904,"ED>1s","rotation"
"2022_09_02",158552258,"Kepler-1646",3,75.9846388106798,0.75,10000,0.5018,0.478689074989573,"ED>1s","rotation"
"2022_09_02",164884002,"Kepler-55",9,549.629799270049,0.75,10000,0.7648,0.909768097126376,"ED>1s","rotation"
"2022_09_02",166527623,"HIP 67522",6,43.8944082996641,0.75,10000,0.823,0.908632999399167,"ED>1s","rotation"
"2022_09_02",169461816,"KOI-12",8,674.358929401606,0.75,10000,0.097,0.280211375879983,"ED>1s","rotation"
"2022_09_02",200322593,"TOI-540",14,111.236258255755,0.75,10000,0.6858,0.585905874780748,"ED>1s","rotation"
"2022_09_02",236387002,"nan",14,71.9421548482083,0.75,10000,0.1212,0.300067862202109,"ED>1s","rotation"
"2022_09_02",272942100,"Kepler-249",3,162.34614160654,0.75,10000,0.5386,1.22967027808211,"ED>1s","rotation"
"2022_09_02",273379660,"Kepler-862",3,25.4471372699936,0.75,10000,0.5134,1.19149866423914,"ED>1s","rotation"
"2022_09_02",298969755,"Kepler-155",5,67.5551955460178,0.75,10000,0.4886,1.23080033628091,"ED>1s","rotation"
"2022_09_02",307210830,"L 98-59",5,68.2088495639941,0.75,10000,0.7382,0.61739970257641,"ED>1s","rotation"
"2022_09_02",399954349,"Kepler-411",19,295.238659437004,0.75,10000,0.4654,1.32913127620287,"ED>1s","rotation"
"2022_09_02",410214986,"DS Tuc A",28,69.9175109754549,0.75,10000,0.0346,3.37475821699466,"ED>1s","rotation"
"2022_09_02",434226736,"K2-25",3,21.7548062000342,0.75,10000,0.3296,0.403790302918923,"ED>1s","rotation"
"2022_09_02",441420236,"AU Mic",68,47.9300818729089,0.75,10000,0.1868,1.93032380061746,"ED>1s","rotation"
"2022_09_02",460205581,"TOI-837",4,69.7318577012061,0.75,10000,0.9216,0.728487718637174,"ED>1s","rotation"
"2022_09_02",468989066,"K2-354",3,67.5828322599687,0.75,10000,0,0,"ED>1s","rotation"
"2022_09_05",26417717,"Kepler-808",13,278.272544783678,0,10000,0.0048,4.95652373242689,"ED>1s","5d_rotation"
"2022_09_05",27769688,"Kepler-396",3,232.876315088026,0,10000,0.9748,0.739513021608979,"ED>1s","5d_rotation"
"2022_09_05",28159518,"Kepler-367",5,244.340292013316,0,10000,0.6898,1.02527363115385,"ED>1s","5d_rotation"
"2022_09_05",28230919,"HAT-P-11",3,163.425781096776,0,10000,0.3682,1.36291292392197,"ED>1s","5d_rotation"
"2022_09_05",48353358,"Kepler-1651",51,271.878416625888,0,10000,0.2058,1.90281240404943,"ED>1s","5d_rotation"
"2022_09_05",63126862,"Kepler-42",27,687.930238733381,0,10000,0.0496,3.17524754767772,"ED>1s","5d_rotation"
"2022_09_05",67646988,"nan",11,45.3375642699011,0,10000,0.8148,0.908572811052183,"ED>1s","5d_rotation"
"2022_09_05",98796344,"LTT 1445 A",13,43.8302853669102,0,10000,0.8278,0.671323184146655,"ED>1s","5d_rotation"
"2022_09_05",120105470,"Kepler-1627",37,165.88897244376,0,10000,0.8506,0.680285060551043,"ED>1s","5d_rotation"
"2022_09_05",122066949,"Kepler-705",4,249.611790530871,0,10000,0.6328,0.558528449752695,"ED>1s","5d_rotation"
"2022_09_05",138297607,"Kepler-636",8,87.3055527058168,0,10000,0.4206,1.47461677419851,"ED>1s","5d_rotation"
"2022_09_05",158322085,"Kepler-1558",6,72.8334790652007,0,10000,0.6946,0.579990801677176,"ED>1s","5d_rotation"
"2022_09_05",158552258,"Kepler-1646",3,75.9846388106798,0,10000,0.5832,1.04342148445752,"ED>1s","5d_rotation"
"2022_09_05",164884002,"Kepler-55",9,549.629799270049,0,10000,0.0764,2.65658727378353,"ED>1s","5d_rotation"
"2022_09_05",166527623,"HIP 67522",6,43.8944082996641,0,10000,0.8818,0.829483988595355,"ED>1s","5d_rotation"
"2022_09_05",169461816,"KOI-12",8,674.358929401606,0,10000,0.3342,1.53804093953328,"ED>1s","5d_rotation"
"2022_09_05",200322593,"TOI-540",14,111.236258255755,0,10000,0.3506,1.51362694146075,"ED>1s","5d_rotation"
"2022_09_05",236387002,"nan",14,71.9421548482083,0,10000,0.7142,0.59451351352172,"ED>1s","5d_rotation"
"2022_09_05",272942100,"Kepler-249",3,162.34614160654,0,10000,0.3882,0.435399103300651,"ED>1s","5d_rotation"
"2022_09_05",273379660,"Kepler-862",3,25.4471372699936,0,10000,0.0726,0.263574044690641,"ED>1s","5d_rotation"
"2022_09_05",298969755,"Kepler-155",5,67.5551955460178,0,10000,0.5044,1.25772230582532,"ED>1s","5d_rotation"
"2022_09_05",307210830,"L 98-59",5,68.2088495639941,0,10000,0.1584,0.321903080772207,"ED>1s","5d_rotation"
"2022_09_05",399954349,"Kepler-411",19,295.238659437004,0,10000,0.9402,0.726945180858714,"ED>1s","5d_rotation"
"2022_09_05",410214986,"DS Tuc A",28,69.9175109754549,0,10000,0.7868,0.942300039276613,"ED>1s","5d_rotation"
"2022_09_05",434226736,"K2-25",3,21.7548062000342,0,10000,0.855,0.667569828641643,"ED>1s","5d_rotation"
"2022_09_05",441420236,"AU Mic",68,47.9300818729089,0,10000,0.5446,1.1465643746637,"ED>1s","5d_rotation"
"2022_09_05",460205581,"TOI-837",4,69.7318577012061,0,10000,0.1526,0.312480739793629,"ED>1s","5d_rotation"
"2022_09_05",468989066,"K2-354",3,67.5828322599687,0,10000,0.0096,3.89219381178681,"ED>1s","5d_rotation"
"2022_09_05",26417717,"Kepler-808",13,278.272544783678,0.5,10000,0.0062,4.95652373242689,"ED>1s","5d_rotation"
"2022_09_05",27769688,"Kepler-396",3,232.876315088026,0.5,10000,0.9258,0.739513021608979,"ED>1s","5d_rotation"
"2022_09_05",28159518,"Kepler-367",5,244.340292013316,0.5,10000,0.7264,1.02527363115385,"ED>1s","5d_rotation"
"2022_09_05",28230919,"HAT-P-11",3,163.425781096776,0.5,10000,0.4342,1.36291292392197,"ED>1s","5d_rotation"
"2022_09_05",48353358,"Kepler-1651",51,271.878416625888,0.5,10000,0.2108,1.90281240404943,"ED>1s","5d_rotation"
"2022_09_05",63126862,"Kepler-42",27,687.930238733381,0.5,10000,0.0394,3.17524754767772,"ED>1s","5d_rotation"
"2022_09_05",67646988,"nan",11,45.3375642699011,0.5,10000,0.8414,0.908572811052183,"ED>1s","5d_rotation"
"2022_09_05",98796344,"LTT 1445 A",13,43.8302853669102,0.5,10000,0.832,0.671323184146655,"ED>1s","5d_rotation"
"2022_09_05",120105470,"Kepler-1627",37,165.88897244376,0.5,10000,0.8314,0.680285060551043,"ED>1s","5d_rotation"
"2022_09_05",122066949,"Kepler-705",4,249.611790530871,0.5,10000,0.6616,0.558528449752695,"ED>1s","5d_rotation"
"2022_09_05",138297607,"Kepler-636",8,87.3055527058168,0.5,10000,0.3552,1.47461677419851,"ED>1s","5d_rotation"
"2022_09_05",158322085,"Kepler-1558",6,72.8334790652007,0.5,10000,0.6598,0.579990801677176,"ED>1s","5d_rotation"
"2022_09_05",158552258,"Kepler-1646",3,75.9846388106798,0.5,10000,0.7026,1.04342148445752,"ED>1s","5d_rotation"
"2022_09_05",164884002,"Kepler-55",9,549.629799270049,0.5,10000,0.0746,2.65658727378353,"ED>1s","5d_rotation"
"2022_09_05",166527623,"HIP 67522",6,43.8944082996641,0.5,10000,0.918,0.829483988595355,"ED>1s","5d_rotation"
"2022_09_05",169461816,"KOI-12",8,674.358929401606,0.5,10000,0.338,1.53804093953328,"ED>1s","5d_rotation"
"2022_09_05",200322593,"TOI-540",14,111.236258255755,0.5,10000,0.3138,1.51362694146075,"ED>1s","5d_rotation"
"2022_09_05",236387002,"nan",14,71.9421548482083,0.5,10000,0.687,0.59451351352172,"ED>1s","5d_rotation"
"2022_09_05",272942100,"Kepler-249",3,162.34614160654,0.5,10000,0.3714,0.435399103300651,"ED>1s","5d_rotation"
"2022_09_05",273379660,"Kepler-862",3,25.4471372699936,0.5,10000,0.0698,0.263574044690641,"ED>1s","5d_rotation"
"2022_09_05",298969755,"Kepler-155",5,67.5551955460178,0.5,10000,0.5086,1.25772230582532,"ED>1s","5d_rotation"
"2022_09_05",307210830,"L 98-59",5,68.2088495639941,0.5,10000,0.1712,0.321903080772207,"ED>1s","5d_rotation"
"2022_09_05",399954349,"Kepler-411",19,295.238659437004,0.5,10000,0.9492,0.726945180858714,"ED>1s","5d_rotation"
"2022_09_05",410214986,"DS Tuc A",28,69.9175109754549,0.5,10000,0.7706,0.942300039276613,"ED>1s","5d_rotation"
"2022_09_05",434226736,"K2-25",3,21.7548062000342,0.5,10000,0.8048,0.667569828641643,"ED>1s","5d_rotation"
"2022_09_05",441420236,"AU Mic",68,47.9300818729089,0.5,10000,0.5524,1.1465643746637,"ED>1s","5d_rotation"
"2022_09_05",460205581,"TOI-837",4,69.7318577012061,0.5,10000,0.1362,0.312480739793629,"ED>1s","5d_rotation"
"2022_09_05",468989066,"K2-354",3,67.5828322599687,0.5,10000,0.0168,3.89219381178681,"ED>1s","5d_rotation"
"2022_09_05",26417717,"Kepler-808",13,278.272544783678,0.25,10000,0.0038,4.95652373242689,"ED>1s","5d_rotation"
"2022_09_05",27769688,"Kepler-396",3,232.876315088026,0.25,10000,0.968,0.739513021608979,"ED>1s","5d_rotation"
"2022_09_05",28159518,"Kepler-367",5,244.340292013316,0.25,10000,0.6602,1.02527363115385,"ED>1s","5d_rotation"
"2022_09_05",28230919,"HAT-P-11",3,163.425781096776,0.25,10000,0.4324,1.36291292392197,"ED>1s","5d_rotation"
"2022_09_05",48353358,"Kepler-1651",51,271.878416625888,0.25,10000,0.2132,1.90281240404943,"ED>1s","5d_rotation"
"2022_09_05",63126862,"Kepler-42",27,687.930238733381,0.25,10000,0.0542,3.17524754767772,"ED>1s","5d_rotation"
"2022_09_05",67646988,"nan",11,45.3375642699011,0.25,10000,0.8314,0.908572811052183,"ED>1s","5d_rotation"
"2022_09_05",98796344,"LTT 1445 A",13,43.8302853669102,0.25,10000,0.8628,0.671323184146655,"ED>1s","5d_rotation"
"2022_09_05",120105470,"Kepler-1627",37,165.88897244376,0.25,10000,0.8618,0.680285060551043,"ED>1s","5d_rotation"
"2022_09_05",122066949,"Kepler-705",4,249.611790530871,0.25,10000,0.6158,0.558528449752695,"ED>1s","5d_rotation"
"2022_09_05",138297607,"Kepler-636",8,87.3055527058168,0.25,10000,0.3726,1.47461677419851,"ED>1s","5d_rotation"
"2022_09_05",158322085,"Kepler-1558",6,72.8334790652007,0.25,10000,0.652,0.579990801677176,"ED>1s","5d_rotation"
"2022_09_05",158552258,"Kepler-1646",3,75.9846388106798,0.25,10000,0.7076,1.04342148445752,"ED>1s","5d_rotation"
"2022_09_05",164884002,"Kepler-55",9,549.629799270049,0.25,10000,0.0852,2.65658727378353,"ED>1s","5d_rotation"
"2022_09_05",166527623,"HIP 67522",6,43.8944082996641,0.25,10000,0.9086,0.829483988595355,"ED>1s","5d_rotation"
"2022_09_05",169461816,"KOI-12",8,674.358929401606,0.25,10000,0.3266,1.53804093953328,"ED>1s","5d_rotation"
"2022_09_05",200322593,"TOI-540",14,111.236258255755,0.25,10000,0.318,1.51362694146075,"ED>1s","5d_rotation"
"2022_09_05",236387002,"nan",14,71.9421548482083,0.25,10000,0.726,0.59451351352172,"ED>1s","5d_rotation"
"2022_09_05",272942100,"Kepler-249",3,162.34614160654,0.25,10000,0.3738,0.435399103300651,"ED>1s","5d_rotation"
"2022_09_05",273379660,"Kepler-862",3,25.4471372699936,0.25,10000,0.0702,0.263574044690641,"ED>1s","5d_rotation"
"2022_09_05",298969755,"Kepler-155",5,67.5551955460178,0.25,10000,0.4948,1.25772230582532,"ED>1s","5d_rotation"
"2022_09_05",307210830,"L 98-59",5,68.2088495639941,0.25,10000,0.142,0.321903080772207,"ED>1s","5d_rotation"
"2022_09_05",399954349,"Kepler-411",19,295.238659437004,0.25,10000,0.9226,0.726945180858714,"ED>1s","5d_rotation"
"2022_09_05",410214986,"DS Tuc A",28,69.9175109754549,0.25,10000,0.804,0.942300039276613,"ED>1s","5d_rotation"
"2022_09_05",434226736,"K2-25",3,21.7548062000342,0.25,10000,0.844,0.667569828641643,"ED>1s","5d_rotation"
"2022_09_05",441420236,"AU Mic",68,47.9300818729089,0.25,10000,0.5438,1.1465643746637,"ED>1s","5d_rotation"
"2022_09_05",460205581,"TOI-837",4,69.7318577012061,0.25,10000,0.1482,0.312480739793629,"ED>1s","5d_rotation"
"2022_09_05",468989066,"K2-354",3,67.5828322599687,0.25,10000,0.02,3.89219381178681,"ED>1s","5d_rotation"
"2022_09_05",26417717,"Kepler-808",13,278.272544783678,0.75,10000,0.0066,4.95652373242689,"ED>1s","5d_rotation"
"2022_09_05",27769688,"Kepler-396",3,232.876315088026,0.75,10000,0.9672,0.739513021608979,"ED>1s","5d_rotation"
"2022_09_05",28159518,"Kepler-367",5,244.340292013316,0.75,10000,0.716,1.02527363115385,"ED>1s","5d_rotation"
"2022_09_05",28230919,"HAT-P-11",3,163.425781096776,0.75,10000,0.4216,1.36291292392197,"ED>1s","5d_rotation"
"2022_09_05",48353358,"Kepler-1651",51,271.878416625888,0.75,10000,0.19,1.90281240404943,"ED>1s","5d_rotation"
"2022_09_05",63126862,"Kepler-42",27,687.930238733381,0.75,10000,0.051,3.17524754767772,"ED>1s","5d_rotation"
"2022_09_05",67646988,"nan",11,45.3375642699011,0.75,10000,0.8166,0.908572811052183,"ED>1s","5d_rotation"
"2022_09_05",98796344,"LTT 1445 A",13,43.8302853669102,0.75,10000,0.822,0.671323184146655,"ED>1s","5d_rotation"
"2022_09_05",120105470,"Kepler-1627",37,165.88897244376,0.75,10000,0.8862,0.680285060551043,"ED>1s","5d_rotation"
"2022_09_05",122066949,"Kepler-705",4,249.611790530871,0.75,10000,0.673,0.558528449752695,"ED>1s","5d_rotation"
"2022_09_05",138297607,"Kepler-636",8,87.3055527058168,0.75,10000,0.388,1.47461677419851,"ED>1s","5d_rotation"
"2022_09_05",158322085,"Kepler-1558",6,72.8334790652007,0.75,10000,0.6816,0.579990801677176,"ED>1s","5d_rotation"
"2022_09_05",158552258,"Kepler-1646",3,75.9846388106798,0.75,10000,0.6582,1.04342148445752,"ED>1s","5d_rotation"
"2022_09_05",164884002,"Kepler-55",9,549.629799270049,0.75,10000,0.0726,2.65658727378353,"ED>1s","5d_rotation"
"2022_09_05",166527623,"HIP 67522",6,43.8944082996641,0.75,10000,0.9302,0.829483988595355,"ED>1s","5d_rotation"
"2022_09_05",169461816,"KOI-12",8,674.358929401606,0.75,10000,0.302,1.53804093953328,"ED>1s","5d_rotation"
"2022_09_05",200322593,"TOI-540",14,111.236258255755,0.75,10000,0.321,1.51362694146075,"ED>1s","5d_rotation"
"2022_09_05",236387002,"nan",14,71.9421548482083,0.75,10000,0.729,0.59451351352172,"ED>1s","5d_rotation"
"2022_09_05",272942100,"Kepler-249",3,162.34614160654,0.75,10000,0.3888,0.435399103300651,"ED>1s","5d_rotation"
"2022_09_05",273379660,"Kepler-862",3,25.4471372699936,0.75,10000,0.0734,0.263574044690641,"ED>1s","5d_rotation"
"2022_09_05",298969755,"Kepler-155",5,67.5551955460178,0.75,10000,0.5154,1.25772230582532,"ED>1s","5d_rotation"
"2022_09_05",307210830,"L 98-59",5,68.2088495639941,0.75,10000,0.159,0.321903080772207,"ED>1s","5d_rotation"
"2022_09_05",399954349,"Kepler-411",19,295.238659437004,0.75,10000,0.9078,0.726945180858714,"ED>1s","5d_rotation"
"2022_09_05",410214986,"DS Tuc A",28,69.9175109754549,0.75,10000,0.7362,0.942300039276613,"ED>1s","5d_rotation"
"2022_09_05",434226736,"K2-25",3,21.7548062000342,0.75,10000,0.8236,0.667569828641643,"ED>1s","5d_rotation"
"2022_09_05",441420236,"AU Mic",68,47.9300818729089,0.75,10000,0.5836,1.1465643746637,"ED>1s","5d_rotation"
"2022_09_05",460205581,"TOI-837",4,69.7318577012061,0.75,10000,0.1388,0.312480739793629,"ED>1s","5d_rotation"
"2022_09_05",468989066,"K2-354",3,67.5828322599687,0.75,10000,0.0264,3.89219381178681,"ED>1s","5d_rotation"
"2022_09_05",26417717,"Kepler-808",13,278.272544783678,0,10000,0.9746,0.789462343623402,"ED>1s","15d_rotation"
"2022_09_05",27769688,"Kepler-396",3,232.876315088026,0,10000,0.0122,0.199226802076731,"ED>1s","15d_rotation"
"2022_09_05",28159518,"Kepler-367",5,244.340292013316,0,10000,0.4724,1.36039516031093,"ED>1s","15d_rotation"
"2022_09_05",28230919,"HAT-P-11",3,163.425781096776,0,10000,0.5334,1.20218611714884,"ED>1s","15d_rotation"
"2022_09_05",48353358,"Kepler-1651",51,271.878416625888,0,10000,0.6058,0.537889698021381,"ED>1s","15d_rotation"
"2022_09_05",63126862,"Kepler-42",27,687.930238733381,0,10000,0.0354,3.44616669503995,"ED>1s","15d_rotation"
"2022_09_05",67646988,"nan",11,45.3375642699011,0,10000,0.5916,1.1367221969299,"ED>1s","15d_rotation"
"2022_09_05",98796344,"LTT 1445 A",13,43.8302853669102,0,10000,0.1372,2.10665476575063,"ED>1s","15d_rotation"
"2022_09_05",120105470,"Kepler-1627",37,165.88897244376,0,10000,0.4046,0.447926862370892,"ED>1s","15d_rotation"
"2022_09_05",122066949,"Kepler-705",4,249.611790530871,0,10000,0.6418,0.566265045875122,"ED>1s","15d_rotation"
"2022_09_05",138297607,"Kepler-636",8,87.3055527058168,0,10000,0.051,0.250067979301921,"ED>1s","15d_rotation"
"2022_09_05",158322085,"Kepler-1558",6,72.8334790652007,0,10000,0.9544,0.762288073617645,"ED>1s","15d_rotation"
"2022_09_05",158552258,"Kepler-1646",3,75.9846388106798,0,10000,0.985,0.780373689942163,"ED>1s","15d_rotation"
"2022_09_05",164884002,"Kepler-55",9,549.629799270049,0,10000,0.4276,0.455881513623623,"ED>1s","15d_rotation"
"2022_09_05",166527623,"HIP 67522",6,43.8944082996641,0,10000,0.9922,0.79917958526919,"ED>1s","15d_rotation"
"2022_09_05",169461816,"KOI-12",8,674.358929401606,0,10000,0.1744,2.08033824145124,"ED>1s","15d_rotation"
"2022_09_05",200322593,"TOI-540",14,111.236258255755,0,10000,0.9066,0.702014147148441,"ED>1s","15d_rotation"
"2022_09_05",236387002,"nan",14,71.9421548482083,0,10000,0.9224,0.798997801521487,"ED>1s","15d_rotation"
"2022_09_05",272942100,"Kepler-249",3,162.34614160654,0,10000,0.5676,1.19413071602218,"ED>1s","15d_rotation"
"2022_09_05",273379660,"Kepler-862",3,25.4471372699936,0,10000,0.5042,0.500430764075575,"ED>1s","15d_rotation"
"2022_09_05",298969755,"Kepler-155",5,67.5551955460178,0,10000,0.1022,2.45121655899475,"ED>1s","15d_rotation"
"2022_09_05",307210830,"L 98-59",5,68.2088495639941,0,10000,0.973,0.793886724944541,"ED>1s","15d_rotation"
"2022_09_05",399954349,"Kepler-411",19,295.238659437004,0,10000,0.809,0.891732542342083,"ED>1s","15d_rotation"
"2022_09_05",410214986,"DS Tuc A",28,69.9175109754549,0,10000,0.859,0.88915996904333,"ED>1s","15d_rotation"
"2022_09_05",434226736,"K2-25",3,21.7548062000342,0,10000,0.8682,0.704204197794698,"ED>1s","15d_rotation"
"2022_09_05",441420236,"AU Mic",68,47.9300818729089,0,10000,0.0806,2.5168703316711,"ED>1s","15d_rotation"
"2022_09_05",460205581,"TOI-837",4,69.7318577012061,0,10000,0.8786,0.881728945421182,"ED>1s","15d_rotation"
"2022_09_05",468989066,"K2-354",3,67.5828322599687,0,10000,0.4518,1.29628566794255,"ED>1s","15d_rotation"
"2022_09_05",26417717,"Kepler-808",13,278.272544783678,0.5,10000,0.9726,0.789462343623402,"ED>1s","15d_rotation"
"2022_09_05",27769688,"Kepler-396",3,232.876315088026,0.5,10000,0.0138,0.199226802076731,"ED>1s","15d_rotation"
"2022_09_05",28159518,"Kepler-367",5,244.340292013316,0.5,10000,0.4024,1.36039516031093,"ED>1s","15d_rotation"
"2022_09_05",28230919,"HAT-P-11",3,163.425781096776,0.5,10000,0.5342,1.20218611714884,"ED>1s","15d_rotation"
"2022_09_05",48353358,"Kepler-1651",51,271.878416625888,0.5,10000,0.5762,0.537889698021381,"ED>1s","15d_rotation"
"2022_09_05",63126862,"Kepler-42",27,687.930238733381,0.5,10000,0.042,3.44616669503995,"ED>1s","15d_rotation"
"2022_09_05",67646988,"nan",11,45.3375642699011,0.5,10000,0.5878,1.1367221969299,"ED>1s","15d_rotation"
"2022_09_05",98796344,"LTT 1445 A",13,43.8302853669102,0.5,10000,0.1732,2.10665476575063,"ED>1s","15d_rotation"
"2022_09_05",120105470,"Kepler-1627",37,165.88897244376,0.5,10000,0.4074,0.447926862370892,"ED>1s","15d_rotation"
"2022_09_05",122066949,"Kepler-705",4,249.611790530871,0.5,10000,0.6456,0.566265045875122,"ED>1s","15d_rotation"
"2022_09_05",138297607,"Kepler-636",8,87.3055527058168,0.5,10000,0.0562,0.250067979301921,"ED>1s","15d_rotation"
"2022_09_05",158322085,"Kepler-1558",6,72.8334790652007,0.5,10000,0.9648,0.762288073617645,"ED>1s","15d_rotation"
"2022_09_05",158552258,"Kepler-1646",3,75.9846388106798,0.5,10000,0.9882,0.780373689942163,"ED>1s","15d_rotation"
"2022_09_05",164884002,"Kepler-55",9,549.629799270049,0.5,10000,0.439,0.455881513623623,"ED>1s","15d_rotation"
"2022_09_05",166527623,"HIP 67522",6,43.8944082996641,0.5,10000,0.9756,0.79917958526919,"ED>1s","15d_rotation"
"2022_09_05",169461816,"KOI-12",8,674.358929401606,0.5,10000,0.175,2.08033824145124,"ED>1s","15d_rotation"
"2022_09_05",200322593,"TOI-540",14,111.236258255755,0.5,10000,0.8458,0.702014147148441,"ED>1s","15d_rotation"
"2022_09_05",236387002,"nan",14,71.9421548482083,0.5,10000,0.9612,0.798997801521487,"ED>1s","15d_rotation"
"2022_09_05",272942100,"Kepler-249",3,162.34614160654,0.5,10000,0.552,1.19413071602218,"ED>1s","15d_rotation"
"2022_09_05",273379660,"Kepler-862",3,25.4471372699936,0.5,10000,0.4986,0.500430764075575,"ED>1s","15d_rotation"
"2022_09_05",298969755,"Kepler-155",5,67.5551955460178,0.5,10000,0.0982,2.45121655899475,"ED>1s","15d_rotation"
"2022_09_05",307210830,"L 98-59",5,68.2088495639941,0.5,10000,0.9948,0.793886724944541,"ED>1s","15d_rotation"
"2022_09_05",399954349,"Kepler-411",19,295.238659437004,0.5,10000,0.8402,0.891732542342083,"ED>1s","15d_rotation"
"2022_09_05",410214986,"DS Tuc A",28,69.9175109754549,0.5,10000,0.8606,0.88915996904333,"ED>1s","15d_rotation"
"2022_09_05",434226736,"K2-25",3,21.7548062000342,0.5,10000,0.9118,0.704204197794698,"ED>1s","15d_rotation"
"2022_09_05",441420236,"AU Mic",68,47.9300818729089,0.5,10000,0.0906,2.5168703316711,"ED>1s","15d_rotation"
"2022_09_05",460205581,"TOI-837",4,69.7318577012061,0.5,10000,0.8698,0.881728945421182,"ED>1s","15d_rotation"
"2022_09_05",468989066,"K2-354",3,67.5828322599687,0.5,10000,0.5046,1.29628566794255,"ED>1s","15d_rotation"
"2022_09_05",26417717,"Kepler-808",13,278.272544783678,0.75,10000,0.9164,0.789462343623402,"ED>1s","15d_rotation"
"2022_09_05",27769688,"Kepler-396",3,232.876315088026,0.75,10000,0.0196,0.199226802076731,"ED>1s","15d_rotation"
"2022_09_05",28159518,"Kepler-367",5,244.340292013316,0.75,10000,0.4532,1.36039516031093,"ED>1s","15d_rotation"
"2022_09_05",28230919,"HAT-P-11",3,163.425781096776,0.75,10000,0.553,1.20218611714884,"ED>1s","15d_rotation"
"2022_09_05",48353358,"Kepler-1651",51,271.878416625888,0.75,10000,0.5706,0.537889698021381,"ED>1s","15d_rotation"
"2022_09_05",63126862,"Kepler-42",27,687.930238733381,0.75,10000,0.0392,3.44616669503995,"ED>1s","15d_rotation"
"2022_09_05",67646988,"nan",11,45.3375642699011,0.75,10000,0.6002,1.1367221969299,"ED>1s","15d_rotation"
"2022_09_05",98796344,"LTT 1445 A",13,43.8302853669102,0.75,10000,0.1548,2.10665476575063,"ED>1s","15d_rotation"
"2022_09_05",120105470,"Kepler-1627",37,165.88897244376,0.75,10000,0.4094,0.447926862370892,"ED>1s","15d_rotation"
"2022_09_05",122066949,"Kepler-705",4,249.611790530871,0.75,10000,0.6476,0.566265045875122,"ED>1s","15d_rotation"
"2022_09_05",138297607,"Kepler-636",8,87.3055527058168,0.75,10000,0.053,0.250067979301921,"ED>1s","15d_rotation"
"2022_09_05",158322085,"Kepler-1558",6,72.8334790652007,0.75,10000,0.9914,0.762288073617645,"ED>1s","15d_rotation"
"2022_09_05",158552258,"Kepler-1646",3,75.9846388106798,0.75,10000,0.9588,0.780373689942163,"ED>1s","15d_rotation"
"2022_09_05",164884002,"Kepler-55",9,549.629799270049,0.75,10000,0.4332,0.455881513623623,"ED>1s","15d_rotation"
"2022_09_05",166527623,"HIP 67522",6,43.8944082996641,0.75,10000,0.9256,0.79917958526919,"ED>1s","15d_rotation"
"2022_09_05",169461816,"KOI-12",8,674.358929401606,0.75,10000,0.158,2.08033824145124,"ED>1s","15d_rotation"
"2022_09_05",200322593,"TOI-540",14,111.236258255755,0.75,10000,0.8866,0.702014147148441,"ED>1s","15d_rotation"
"2022_09_05",236387002,"nan",14,71.9421548482083,0.75,10000,0.9536,0.798997801521487,"ED>1s","15d_rotation"
"2022_09_05",272942100,"Kepler-249",3,162.34614160654,0.75,10000,0.5416,1.19413071602218,"ED>1s","15d_rotation"
"2022_09_05",273379660,"Kepler-862",3,25.4471372699936,0.75,10000,0.504,0.500430764075575,"ED>1s","15d_rotation"
"2022_09_05",298969755,"Kepler-155",5,67.5551955460178,0.75,10000,0.099,2.45121655899475,"ED>1s","15d_rotation"
"2022_09_05",307210830,"L 98-59",5,68.2088495639941,0.75,10000,0.9934,0.793886724944541,"ED>1s","15d_rotation"
"2022_09_05",399954349,"Kepler-411",19,295.238659437004,0.75,10000,0.8552,0.891732542342083,"ED>1s","15d_rotation"
"2022_09_05",410214986,"DS Tuc A",28,69.9175109754549,0.75,10000,0.8326,0.88915996904333,"ED>1s","15d_rotation"
"2022_09_05",434226736,"K2-25",3,21.7548062000342,0.75,10000,0.9018,0.704204197794698,"ED>1s","15d_rotation"
"2022_09_05",441420236,"AU Mic",68,47.9300818729089,0.75,10000,0.0732,2.5168703316711,"ED>1s","15d_rotation"
"2022_09_05",460205581,"TOI-837",4,69.7318577012061,0.75,10000,0.802,0.881728945421182,"ED>1s","15d_rotation"
"2022_09_05",468989066,"K2-354",3,67.5828322599687,0.75,10000,0.45,1.29628566794255,"ED>1s","15d_rotation"
"2022_09_05",26417717,"Kepler-808",13,278.272544783678,0.25,10000,0.9672,0.789462343623402,"ED>1s","15d_rotation"
"2022_09_05",27769688,"Kepler-396",3,232.876315088026,0.25,10000,0.014,0.199226802076731,"ED>1s","15d_rotation"
"2022_09_05",28159518,"Kepler-367",5,244.340292013316,0.25,10000,0.4288,1.36039516031093,"ED>1s","15d_rotation"
"2022_09_05",28230919,"HAT-P-11",3,163.425781096776,0.25,10000,0.5352,1.20218611714884,"ED>1s","15d_rotation"
"2022_09_05",48353358,"Kepler-1651",51,271.878416625888,0.25,10000,0.6222,0.537889698021381,"ED>1s","15d_rotation"
"2022_09_05",63126862,"Kepler-42",27,687.930238733381,0.25,10000,0.0462,3.44616669503995,"ED>1s","15d_rotation"
"2022_09_05",67646988,"nan",11,45.3375642699011,0.25,10000,0.5852,1.1367221969299,"ED>1s","15d_rotation"
"2022_09_05",98796344,"LTT 1445 A",13,43.8302853669102,0.25,10000,0.1676,2.10665476575063,"ED>1s","15d_rotation"
"2022_09_05",120105470,"Kepler-1627",37,165.88897244376,0.25,10000,0.3952,0.447926862370892,"ED>1s","15d_rotation"
"2022_09_05",122066949,"Kepler-705",4,249.611790530871,0.25,10000,0.6396,0.566265045875122,"ED>1s","15d_rotation"
"2022_09_05",138297607,"Kepler-636",8,87.3055527058168,0.25,10000,0.0506,0.250067979301921,"ED>1s","15d_rotation"
"2022_09_05",158322085,"Kepler-1558",6,72.8334790652007,0.25,10000,0.9754,0.762288073617645,"ED>1s","15d_rotation"
"2022_09_05",158552258,"Kepler-1646",3,75.9846388106798,0.25,10000,0.971,0.780373689942163,"ED>1s","15d_rotation"
"2022_09_05",164884002,"Kepler-55",9,549.629799270049,0.25,10000,0.4186,0.455881513623623,"ED>1s","15d_rotation"
"2022_09_05",166527623,"HIP 67522",6,43.8944082996641,0.25,10000,0.9994,0.79917958526919,"ED>1s","15d_rotation"
"2022_09_05",169461816,"KOI-12",8,674.358929401606,0.25,10000,0.1692,2.08033824145124,"ED>1s","15d_rotation"
"2022_09_05",200322593,"TOI-540",14,111.236258255755,0.25,10000,0.8898,0.702014147148441,"ED>1s","15d_rotation"
"2022_09_05",236387002,"nan",14,71.9421548482083,0.25,10000,0.941,0.798997801521487,"ED>1s","15d_rotation"
"2022_09_05",272942100,"Kepler-249",3,162.34614160654,0.25,10000,0.5226,1.19413071602218,"ED>1s","15d_rotation"
"2022_09_05",273379660,"Kepler-862",3,25.4471372699936,0.25,10000,0.509,0.500430764075575,"ED>1s","15d_rotation"
"2022_09_05",298969755,"Kepler-155",5,67.5551955460178,0.25,10000,0.098,2.45121655899475,"ED>1s","15d_rotation"
"2022_09_05",307210830,"L 98-59",5,68.2088495639941,0.25,10000,0.971,0.793886724944541,"ED>1s","15d_rotation"
"2022_09_05",399954349,"Kepler-411",19,295.238659437004,0.25,10000,0.8206,0.891732542342083,"ED>1s","15d_rotation"
"2022_09_05",410214986,"DS Tuc A",28,69.9175109754549,0.25,10000,0.8674,0.88915996904333,"ED>1s","15d_rotation"
"2022_09_05",434226736,"K2-25",3,21.7548062000342,0.25,10000,0.9086,0.704204197794698,"ED>1s","15d_rotation"
"2022_09_05",441420236,"AU Mic",68,47.9300818729089,0.25,10000,0.108,2.5168703316711,"ED>1s","15d_rotation"
"2022_09_05",460205581,"TOI-837",4,69.7318577012061,0.25,10000,0.8892,0.881728945421182,"ED>1s","15d_rotation"
"2022_09_05",468989066,"K2-354",3,67.5828322599687,0.25,10000,0.4574,1.29628566794255,"ED>1s","15d_rotation"
"2022_09_05",26417717,"Kepler-808",13,278.272544783678,0,10000,0.0322,3.46242406658553,"ED>1s","10d_rotation"
"2022_09_05",27769688,"Kepler-396",3,232.876315088026,0,10000,0.5384,0.508929344094844,"ED>1s","10d_rotation"
"2022_09_05",28159518,"Kepler-367",5,244.340292013316,0,10000,0.9958,0.770942205178737,"ED>1s","10d_rotation"
"2022_09_05",28230919,"HAT-P-11",3,163.425781096776,0,10000,0.9616,0.701548358240719,"ED>1s","10d_rotation"
"2022_09_05",48353358,"Kepler-1651",51,271.878416625888,0,10000,0.6304,1.10675657770588,"ED>1s","10d_rotation"
"2022_09_05",63126862,"Kepler-42",27,687.930238733381,0,10000,0.1468,2.16989570450426,"ED>1s","10d_rotation"
"2022_09_05",67646988,"nan",11,45.3375642699011,0,10000,0.8318,0.914203343207758,"ED>1s","10d_rotation"
"2022_09_05",98796344,"LTT 1445 A",13,43.8302853669102,0,10000,0.6184,1.09899599823849,"ED>1s","10d_rotation"
"2022_09_05",120105470,"Kepler-1627",37,165.88897244376,0,10000,0.0616,0.249898185626542,"ED>1s","10d_rotation"
"2022_09_05",122066949,"Kepler-705",4,249.611790530871,0,10000,0.4926,0.484693885633033,"ED>1s","10d_rotation"
"2022_09_05",138297607,"Kepler-636",8,87.3055527058168,0,10000,0.0784,2.57264315456653,"ED>1s","10d_rotation"
"2022_09_05",158322085,"Kepler-1558",6,72.8334790652007,0,10000,0.5886,0.532919701647542,"ED>1s","10d_rotation"
"2022_09_05",158552258,"Kepler-1646",3,75.9846388106798,0,10000,0.1148,2.38793234262718,"ED>1s","10d_rotation"
"2022_09_05",164884002,"Kepler-55",9,549.629799270049,0,10000,0.225,1.79182835291826,"ED>1s","10d_rotation"
"2022_09_05",166527623,"HIP 67522",6,43.8944082996641,0,10000,0.4354,0.452348625286491,"ED>1s","10d_rotation"
"2022_09_05",169461816,"KOI-12",8,674.358929401606,0,10000,0.3678,0.425602585900393,"ED>1s","10d_rotation"
"2022_09_05",200322593,"TOI-540",14,111.236258255755,0,10000,0.5122,1.26044971706513,"ED>1s","10d_rotation"
"2022_09_05",236387002,"nan",14,71.9421548482083,0,10000,0.9002,0.837337988949606,"ED>1s","10d_rotation"
"2022_09_05",272942100,"Kepler-249",3,162.34614160654,0,10000,0.5232,1.19920406340056,"ED>1s","10d_rotation"
"2022_09_05",273379660,"Kepler-862",3,25.4471372699936,0,10000,0.3756,0.430168135731365,"ED>1s","10d_rotation"
"2022_09_05",298969755,"Kepler-155",5,67.5551955460178,0,10000,0.8916,0.841225368610374,"ED>1s","10d_rotation"
"2022_09_05",307210830,"L 98-59",5,68.2088495639941,0,10000,0.4896,0.481300141834034,"ED>1s","10d_rotation"
"2022_09_05",399954349,"Kepler-411",19,295.238659437004,0,10000,0.6772,0.57389466763215,"ED>1s","10d_rotation"
"2022_09_05",410214986,"DS Tuc A",28,69.9175109754549,0,10000,0.4002,1.34197315828857,"ED>1s","10d_rotation"
"2022_09_05",434226736,"K2-25",3,21.7548062000342,0,10000,0.99,0.753110821502424,"ED>1s","10d_rotation"
"2022_09_05",441420236,"AU Mic",68,47.9300818729089,0,10000,0.274,1.75452899881296,"ED>1s","10d_rotation"
"2022_09_05",460205581,"TOI-837",4,69.7318577012061,0,10000,0.2228,1.81338822602489,"ED>1s","10d_rotation"
"2022_09_05",468989066,"K2-354",3,67.5828322599687,0,10000,0.5516,1.18948510930868,"ED>1s","10d_rotation"
"2022_09_05",26417717,"Kepler-808",13,278.272544783678,0.5,10000,0.0432,3.46242406658553,"ED>1s","10d_rotation"
"2022_09_05",27769688,"Kepler-396",3,232.876315088026,0.5,10000,0.5596,0.508929344094844,"ED>1s","10d_rotation"
"2022_09_05",28159518,"Kepler-367",5,244.340292013316,0.5,10000,0.985,0.770942205178737,"ED>1s","10d_rotation"
"2022_09_05",28230919,"HAT-P-11",3,163.425781096776,0.5,10000,0.9182,0.701548358240719,"ED>1s","10d_rotation"
"2022_09_05",48353358,"Kepler-1651",51,271.878416625888,0.5,10000,0.583,1.10675657770588,"ED>1s","10d_rotation"
"2022_09_05",63126862,"Kepler-42",27,687.930238733381,0.5,10000,0.1448,2.16989570450426,"ED>1s","10d_rotation"
"2022_09_05",67646988,"nan",11,45.3375642699011,0.5,10000,0.8116,0.914203343207758,"ED>1s","10d_rotation"
"2022_09_05",98796344,"LTT 1445 A",13,43.8302853669102,0.5,10000,0.6232,1.09899599823849,"ED>1s","10d_rotation"
"2022_09_05",120105470,"Kepler-1627",37,165.88897244376,0.5,10000,0.0542,0.249898185626542,"ED>1s","10d_rotation"
"2022_09_05",122066949,"Kepler-705",4,249.611790530871,0.5,10000,0.5044,0.484693885633033,"ED>1s","10d_rotation"
"2022_09_05",138297607,"Kepler-636",8,87.3055527058168,0.5,10000,0.088,2.57264315456653,"ED>1s","10d_rotation"
"2022_09_05",158322085,"Kepler-1558",6,72.8334790652007,0.5,10000,0.5474,0.532919701647542,"ED>1s","10d_rotation"
"2022_09_05",158552258,"Kepler-1646",3,75.9846388106798,0.5,10000,0.1188,2.38793234262718,"ED>1s","10d_rotation"
"2022_09_05",164884002,"Kepler-55",9,549.629799270049,0.5,10000,0.271,1.79182835291826,"ED>1s","10d_rotation"
"2022_09_05",166527623,"HIP 67522",6,43.8944082996641,0.5,10000,0.4216,0.452348625286491,"ED>1s","10d_rotation"
"2022_09_05",169461816,"KOI-12",8,674.358929401606,0.5,10000,0.361,0.425602585900393,"ED>1s","10d_rotation"
"2022_09_05",200322593,"TOI-540",14,111.236258255755,0.5,10000,0.4666,1.26044971706513,"ED>1s","10d_rotation"
"2022_09_05",236387002,"nan",14,71.9421548482083,0.5,10000,0.8708,0.837337988949606,"ED>1s","10d_rotation"
"2022_09_05",272942100,"Kepler-249",3,162.34614160654,0.5,10000,0.5624,1.19920406340056,"ED>1s","10d_rotation"
"2022_09_05",273379660,"Kepler-862",3,25.4471372699936,0.5,10000,0.3858,0.430168135731365,"ED>1s","10d_rotation"
"2022_09_05",298969755,"Kepler-155",5,67.5551955460178,0.5,10000,0.882,0.841225368610374,"ED>1s","10d_rotation"
"2022_09_05",307210830,"L 98-59",5,68.2088495639941,0.5,10000,0.4868,0.481300141834034,"ED>1s","10d_rotation"
"2022_09_05",399954349,"Kepler-411",19,295.238659437004,0.5,10000,0.659,0.57389466763215,"ED>1s","10d_rotation"
"2022_09_05",410214986,"DS Tuc A",28,69.9175109754549,0.5,10000,0.4772,1.34197315828857,"ED>1s","10d_rotation"
"2022_09_05",434226736,"K2-25",3,21.7548062000342,0.5,10000,0.9774,0.753110821502424,"ED>1s","10d_rotation"
"2022_09_05",441420236,"AU Mic",68,47.9300818729089,0.5,10000,0.2694,1.75452899881296,"ED>1s","10d_rotation"
"2022_09_05",460205581,"TOI-837",4,69.7318577012061,0.5,10000,0.2458,1.81338822602489,"ED>1s","10d_rotation"
"2022_09_05",468989066,"K2-354",3,67.5828322599687,0.5,10000,0.526,1.18948510930868,"ED>1s","10d_rotation"
"2022_09_05",26417717,"Kepler-808",13,278.272544783678,0.75,10000,0.0288,3.46242406658553,"ED>1s","10d_rotation"
"2022_09_05",27769688,"Kepler-396",3,232.876315088026,0.75,10000,0.5408,0.508929344094844,"ED>1s","10d_rotation"
"2022_09_05",28159518,"Kepler-367",5,244.340292013316,0.75,10000,0.9734,0.770942205178737,"ED>1s","10d_rotation"
"2022_09_05",28230919,"HAT-P-11",3,163.425781096776,0.75,10000,0.9322,0.701548358240719,"ED>1s","10d_rotation"
"2022_09_05",48353358,"Kepler-1651",51,271.878416625888,0.75,10000,0.624,1.10675657770588,"ED>1s","10d_rotation"
"2022_09_05",63126862,"Kepler-42",27,687.930238733381,0.75,10000,0.1626,2.16989570450426,"ED>1s","10d_rotation"
"2022_09_05",67646988,"nan",11,45.3375642699011,0.75,10000,0.7972,0.914203343207758,"ED>1s","10d_rotation"
"2022_09_05",98796344,"LTT 1445 A",13,43.8302853669102,0.75,10000,0.5894,1.09899599823849,"ED>1s","10d_rotation"
"2022_09_05",120105470,"Kepler-1627",37,165.88897244376,0.75,10000,0.0554,0.249898185626542,"ED>1s","10d_rotation"
"2022_09_05",122066949,"Kepler-705",4,249.611790530871,0.75,10000,0.4862,0.484693885633033,"ED>1s","10d_rotation"
"2022_09_05",138297607,"Kepler-636",8,87.3055527058168,0.75,10000,0.0828,2.57264315456653,"ED>1s","10d_rotation"
"2022_09_05",158322085,"Kepler-1558",6,72.8334790652007,0.75,10000,0.6084,0.532919701647542,"ED>1s","10d_rotation"
"2022_09_05",158552258,"Kepler-1646",3,75.9846388106798,0.75,10000,0.1166,2.38793234262718,"ED>1s","10d_rotation"
"2022_09_05",164884002,"Kepler-55",9,549.629799270049,0.75,10000,0.2626,1.79182835291826,"ED>1s","10d_rotation"
"2022_09_05",166527623,"HIP 67522",6,43.8944082996641,0.75,10000,0.4066,0.452348625286491,"ED>1s","10d_rotation"
"2022_09_05",169461816,"KOI-12",8,674.358929401606,0.75,10000,0.382,0.425602585900393,"ED>1s","10d_rotation"
"2022_09_05",200322593,"TOI-540",14,111.236258255755,0.75,10000,0.5184,1.26044971706513,"ED>1s","10d_rotation"
"2022_09_05",236387002,"nan",14,71.9421548482083,0.75,10000,0.9038,0.837337988949606,"ED>1s","10d_rotation"
"2022_09_05",272942100,"Kepler-249",3,162.34614160654,0.75,10000,0.5236,1.19920406340056,"ED>1s","10d_rotation"
"2022_09_05",273379660,"Kepler-862",3,25.4471372699936,0.75,10000,0.3764,0.430168135731365,"ED>1s","10d_rotation"
"2022_09_05",298969755,"Kepler-155",5,67.5551955460178,0.75,10000,0.9018,0.841225368610374,"ED>1s","10d_rotation"
"2022_09_05",307210830,"L 98-59",5,68.2088495639941,0.75,10000,0.4384,0.481300141834034,"ED>1s","10d_rotation"
"2022_09_05",399954349,"Kepler-411",19,295.238659437004,0.75,10000,0.6708,0.57389466763215,"ED>1s","10d_rotation"
"2022_09_05",410214986,"DS Tuc A",28,69.9175109754549,0.75,10000,0.4682,1.34197315828857,"ED>1s","10d_rotation"
"2022_09_05",434226736,"K2-25",3,21.7548062000342,0.75,10000,0.9848,0.753110821502424,"ED>1s","10d_rotation"
"2022_09_05",441420236,"AU Mic",68,47.9300818729089,0.75,10000,0.2608,1.75452899881296,"ED>1s","10d_rotation"
"2022_09_05",460205581,"TOI-837",4,69.7318577012061,0.75,10000,0.2362,1.81338822602489,"ED>1s","10d_rotation"
"2022_09_05",468989066,"K2-354",3,67.5828322599687,0.75,10000,0.5146,1.18948510930868,"ED>1s","10d_rotation"
"2022_09_05",26417717,"Kepler-808",13,278.272544783678,0.25,10000,0.0414,3.46242406658553,"ED>1s","10d_rotation"
"2022_09_05",27769688,"Kepler-396",3,232.876315088026,0.25,10000,0.5618,0.508929344094844,"ED>1s","10d_rotation"
"2022_09_05",28159518,"Kepler-367",5,244.340292013316,0.25,10000,0.9726,0.770942205178737,"ED>1s","10d_rotation"
"2022_09_05",28230919,"HAT-P-11",3,163.425781096776,0.25,10000,0.9088,0.701548358240719,"ED>1s","10d_rotation"
"2022_09_05",48353358,"Kepler-1651",51,271.878416625888,0.25,10000,0.5912,1.10675657770588,"ED>1s","10d_rotation"
"2022_09_05",63126862,"Kepler-42",27,687.930238733381,0.25,10000,0.1542,2.16989570450426,"ED>1s","10d_rotation"
"2022_09_05",67646988,"nan",11,45.3375642699011,0.25,10000,0.805,0.914203343207758,"ED>1s","10d_rotation"
"2022_09_05",98796344,"LTT 1445 A",13,43.8302853669102,0.25,10000,0.6556,1.09899599823849,"ED>1s","10d_rotation"
"2022_09_05",120105470,"Kepler-1627",37,165.88897244376,0.25,10000,0.0626,0.249898185626542,"ED>1s","10d_rotation"
"2022_09_05",122066949,"Kepler-705",4,249.611790530871,0.25,10000,0.4972,0.484693885633033,"ED>1s","10d_rotation"
"2022_09_05",138297607,"Kepler-636",8,87.3055527058168,0.25,10000,0.0928,2.57264315456653,"ED>1s","10d_rotation"
"2022_09_05",158322085,"Kepler-1558",6,72.8334790652007,0.25,10000,0.5904,0.532919701647542,"ED>1s","10d_rotation"
"2022_09_05",158552258,"Kepler-1646",3,75.9846388106798,0.25,10000,0.14,2.38793234262718,"ED>1s","10d_rotation"
"2022_09_05",164884002,"Kepler-55",9,549.629799270049,0.25,10000,0.2292,1.79182835291826,"ED>1s","10d_rotation"
"2022_09_05",166527623,"HIP 67522",6,43.8944082996641,0.25,10000,0.4304,0.452348625286491,"ED>1s","10d_rotation"
"2022_09_05",169461816,"KOI-12",8,674.358929401606,0.25,10000,0.362,0.425602585900393,"ED>1s","10d_rotation"
"2022_09_05",200322593,"TOI-540",14,111.236258255755,0.25,10000,0.5026,1.26044971706513,"ED>1s","10d_rotation"
"2022_09_05",236387002,"nan",14,71.9421548482083,0.25,10000,0.8886,0.837337988949606,"ED>1s","10d_rotation"
"2022_09_05",272942100,"Kepler-249",3,162.34614160654,0.25,10000,0.4942,1.19920406340056,"ED>1s","10d_rotation"
"2022_09_05",273379660,"Kepler-862",3,25.4471372699936,0.25,10000,0.3726,0.430168135731365,"ED>1s","10d_rotation"
"2022_09_05",298969755,"Kepler-155",5,67.5551955460178,0.25,10000,0.8726,0.841225368610374,"ED>1s","10d_rotation"
"2022_09_05",307210830,"L 98-59",5,68.2088495639941,0.25,10000,0.4876,0.481300141834034,"ED>1s","10d_rotation"
"2022_09_05",399954349,"Kepler-411",19,295.238659437004,0.25,10000,0.6626,0.57389466763215,"ED>1s","10d_rotation"
"2022_09_05",410214986,"DS Tuc A",28,69.9175109754549,0.25,10000,0.4596,1.34197315828857,"ED>1s","10d_rotation"
"2022_09_05",434226736,"K2-25",3,21.7548062000342,0.25,10000,0.931,0.753110821502424,"ED>1s","10d_rotation"
"2022_09_05",441420236,"AU Mic",68,47.9300818729089,0.25,10000,0.2434,1.75452899881296,"ED>1s","10d_rotation"
"2022_09_05",460205581,"TOI-837",4,69.7318577012061,0.25,10000,0.2098,1.81338822602489,"ED>1s","10d_rotation"
"2022_09_05",468989066,"K2-354",3,67.5828322599687,0.25,10000,0.5468,1.18948510930868,"ED>1s","10d_rotation"
"2022_09_06",26417717,"Kepler-808",13,278.272544783678,0,10000,0.8096,0.889016969253419,"ED>1s","rand_rotation_05_20"
"2022_09_06",27769688,"Kepler-396",3,232.876315088026,0,10000,0.1354,2.23650490128273,"ED>1s","rand_rotation_05_20"
"2022_09_06",28159518,"Kepler-367",5,244.340292013316,0,10000,0.2154,0.358349297475202,"ED>1s","rand_rotation_05_20"
"2022_09_06",28230919,"HAT-P-11",3,163.425781096776,0,10000,0.2458,1.74235752735129,"ED>1s","rand_rotation_05_20"
"2022_09_06",48353358,"Kepler-1651",51,271.878416625888,0,10000,0.8124,0.664329739723868,"ED>1s","rand_rotation_05_20"
"2022_09_06",63126862,"Kepler-42",27,687.930238733381,0,10000,0.8024,0.666191856855029,"ED>1s","rand_rotation_05_20"
"2022_09_06",67646988,"nan",11,45.3375642699011,0,10000,0.2514,0.365134269527285,"ED>1s","rand_rotation_05_20"
"2022_09_06",98796344,"LTT 1445 A",13,43.8302853669102,0,10000,0.6598,1.03820170669085,"ED>1s","rand_rotation_05_20"
"2022_09_06",120105470,"Kepler-1627",37,165.88897244376,0,10000,0.7762,0.647704380733231,"ED>1s","rand_rotation_05_20"
"2022_09_06",122066949,"Kepler-705",4,249.611790530871,0,10000,0.0012,5.30922202322603,"ED>1s","rand_rotation_05_20"
"2022_09_06",138297607,"Kepler-636",8,87.3055527058168,0,10000,0.2642,1.78076474120027,"ED>1s","rand_rotation_05_20"
"2022_09_06",158322085,"Kepler-1558",6,72.8334790652007,0,10000,0.0524,3.17423678322237,"ED>1s","rand_rotation_05_20"
"2022_09_06",158552258,"Kepler-1646",3,75.9846388106798,0,10000,0.3016,0.398671947844718,"ED>1s","rand_rotation_05_20"
"2022_09_06",164884002,"Kepler-55",9,549.629799270049,0,10000,0.9198,0.829665321482345,"ED>1s","rand_rotation_05_20"
"2022_09_06",166527623,"HIP 67522",6,43.8944082996641,0,10000,0.602,0.521913307179426,"ED>1s","rand_rotation_05_20"
"2022_09_06",169461816,"KOI-12",8,674.358929401606,0,10000,0.6742,0.566714031358506,"ED>1s","rand_rotation_05_20"
"2022_09_06",200322593,"TOI-540",14,111.236258255755,0,10000,0.9418,0.739896531587018,"ED>1s","rand_rotation_05_20"
"2022_09_06",236387002,"nan",14,71.9421548482083,0,10000,0.957,0.766300495752423,"ED>1s","rand_rotation_05_20"
"2022_09_06",272942100,"Kepler-249",3,162.34614160654,0,10000,0.6676,0.989819184109017,"ED>1s","rand_rotation_05_20"
"2022_09_06",273379660,"Kepler-862",3,25.4471372699936,0,10000,0.5742,0.508626213715422,"ED>1s","rand_rotation_05_20"
"2022_09_06",298969755,"Kepler-155",5,67.5551955460178,0,10000,0.4448,1.30642325008034,"ED>1s","rand_rotation_05_20"
"2022_09_06",307210830,"L 98-59",5,68.2088495639941,0,10000,0.2836,0.378632112218093,"ED>1s","rand_rotation_05_20"
"2022_09_06",399954349,"Kepler-411",19,295.238659437004,0,10000,0.0136,4.04427501990162,"ED>1s","rand_rotation_05_20"
"2022_09_06",410214986,"DS Tuc A",28,69.9175109754549,0,10000,0.0652,0.257399132250018,"ED>1s","rand_rotation_05_20"
"2022_09_06",434226736,"K2-25",3,21.7548062000342,0,10000,0.2526,0.373506569676505,"ED>1s","rand_rotation_05_20"
"2022_09_06",441420236,"AU Mic",68,47.9300818729089,0,10000,0.002,7.03520850738767,"ED>1s","rand_rotation_05_20"
"2022_09_06",460205581,"TOI-837",4,69.7318577012061,0,10000,0.524,0.49908700885238,"ED>1s","rand_rotation_05_20"
"2022_09_06",468989066,"K2-354",3,67.5828322599687,0,10000,0.9692,0.740030172042548,"ED>1s","rand_rotation_05_20"
"2022_11_18",43605290,"GJ 3323",10,95.9616962196333,0,10000,0.2416,1.86475762165533,"ED>1s","orbit"
"2022_11_18",206548902,"GJ 3082",5,47.1313123208556,0,10000,0.824,0.915488765470998,"ED>1s","orbit"
"2022_11_18",218263393,"GJ 674",9,47.5763007413834,0,10000,0.9078,0.716993750280542,"ED>1s","orbit"
"2022_11_18",233193964,"GJ 687",9,113.96454937668,0,10000,0.252,1.83011714649113,"ED>1s","orbit"
"2022_11_18",388857263,"Proxima Cen",130,72.1575307486196,0,10000,0.1402,0.311591385363272,"ED>1s","orbit"
"2022_11_18",435907158,"TAP 26",15,44.175817672005,0,10000,0.5594,0.536914591248765,"ED>1s","orbit"
"2022_11_18",439403362,"YZ Cet",47,40.5441053794491,0,10000,0.3672,0.436802790513411,"ED>1s","orbit"
"2022_11_18",734710085,"HD 41004 B",79,139.049481659682,0,10000,0.699,0.983360885286643,"ED>1s","orbit"
"2022_11_18",43605290,"GJ 3323",10,95.9616962196333,0.25,10000,0.6464,1.04982303509276,"ED>1s","orbit"
"2022_11_18",43605290,"GJ 3323",10,95.9616962196333,0.25,10000,0.6372,1.04982303509276,"ED>1s","orbit"
"2022_11_18",206548902,"GJ 3082",5,47.1313123208556,0.25,10000,0.4428,1.29276529212908,"ED>1s","orbit"
"2022_11_18",218263393,"GJ 674",9,47.5763007413834,0.25,10000,0.3822,1.40382514943921,"ED>1s","orbit"
"2022_11_18",233193964,"GJ 687",9,113.96454937668,0.25,10000,0.5606,1.18567096224768,"ED>1s","orbit"
"2022_11_18",388857263,"Proxima Cen",130,72.1575307486196,0.25,10000,0.146,0.323136104885748,"ED>1s","orbit"
"2022_11_18",435907158,"TAP 26",15,44.175817672005,0.25,10000,0.7188,0.997737543045764,"ED>1s","orbit"
"2022_11_18",439403362,"YZ Cet",47,40.5441053794491,0.25,10000,0.758,0.631254953747238,"ED>1s","orbit"
"2022_11_18",734710085,"HD 41004 B",79,139.049481659682,0.25,10000,0.5022,1.23351685499837,"ED>1s","orbit"
"2022_11_18",43605290,"GJ 3323",10,95.9616962196333,0.5,10000,0.8154,0.647520199145058,"ED>1s","orbit"
"2022_11_18",206548902,"GJ 3082",5,47.1313123208556,0.5,10000,0.623,0.542880440052963,"ED>1s","orbit"
"2022_11_18",218263393,"GJ 674",9,47.5763007413834,0.5,10000,0.8376,0.661268300724103,"ED>1s","orbit"
"2022_11_18",233193964,"GJ 687",9,113.96454937668,0.5,10000,0.351,0.408893185383711,"ED>1s","orbit"
"2022_11_18",388857263,"Proxima Cen",130,72.1575307486196,0.5,10000,0.3918,0.452047788246262,"ED>1s","orbit"
"2022_11_18",435907158,"TAP 26",15,44.175817672005,0.5,10000,0.248,0.365448885455251,"ED>1s","orbit"
"2022_11_18",439403362,"YZ Cet",47,40.5441053794491,0.5,10000,0.2606,1.73051764319367,"ED>1s","orbit"
"2022_11_18",734710085,"HD 41004 B",79,139.049481659682,0.5,10000,0.5834,1.16078370017732,"ED>1s","orbit"
"2022_11_18",43605290,"GJ 3323",10,95.9616962196333,0.75,10000,0.637,1.05927563333877,"ED>1s","orbit"
"2022_11_18",206548902,"GJ 3082",5,47.1313123208556,0.75,10000,0.8802,0.674919005870593,"ED>1s","orbit"
"2022_11_18",218263393,"GJ 674",9,47.5763007413834,0.75,10000,0.579,1.15830487464813,"ED>1s","orbit"
"2022_11_18",233193964,"GJ 687",9,113.96454937668,0.75,10000,0.5956,0.521970834930986,"ED>1s","orbit"
"2022_11_18",388857263,"Proxima Cen",130,72.1575307486196,0.75,10000,0.6234,0.551262983882566,"ED>1s","orbit"
"2022_11_18",435907158,"TAP 26",15,44.175817672005,0.75,10000,0.6788,0.573362520854394,"ED>1s","orbit"
"2022_11_18",439403362,"YZ Cet",47,40.5441053794491,0.75,10000,0.7812,0.632537912496843,"ED>1s","orbit"
"2022_11_18",734710085,"HD 41004 B",79,139.049481659682,0.75,10000,0.6586,1.03878505630914,"ED>1s","orbit"
