TIC,ID,mission,quarter_or_sector,tstart,tstop,rel_amplitude,ED,ED_err,orbital_phase
5882269,K2-284,TESS,45,2529.0973010863,2529.11396863637,0.09439900676990598,58.0308365048878,1.14914310050269,0.285333764002795
15756231,V1298 Tau,TESS,43,2492.3167453509,2492.31929184189,0.011265621172211,1.93384972283023,0.143712331123352,0.32250433974390896
25155310,WASP-126,TESS,38,2338.0584757045103,2338.05917015991,0.108352198632624,3.1109805640233,0.08279222162278001,0.267805786342619
26417717,Kepler-808,Kepler,10,911.400669715659,911.408843423342,0.0052867006721100005,2.6775839326399105,0.22828986335294105,0.453822563869839
26417717,Kepler-808,Kepler,10,926.413573313432,926.416979077927,0.004465505878305001,1.05033067317848,0.12703920751963002,0.233537951135203
26417717,Kepler-808,Kepler,11,1010.6739206224601,1010.67664515074,0.004189605874094,0.7411523029834659,0.107288078009235,0.6978651142016409
26417717,Kepler-808,Kepler,11,1010.69775919451,1010.7038891329305,0.007162232393981998,2.32492637038467,0.168655928942853,0.7356242628518209
26417717,Kepler-808,Kepler,11,1010.8006056822701,1010.92865289877,0.013213002158133,70.1474424279464,0.7308202831842141,0.898528140278603
26417717,Kepler-808,Kepler,11,1038.82645684273,1038.83531103005,0.021116710338736,7.1406324610489404,0.205848406504023,0.290124991703182
26417717,Kepler-808,Kepler,9,830.1199968567599,830.123402658508,0.004951918534789,1.13548174647623,0.120411402087674,0.7091560520104809
26417717,Kepler-808,Kepler,11,1085.71647543577,1085.73009749979,0.027444544990492998,15.040123199170699,0.23005175456822705,0.56165343950047
26417717,Kepler-808,Kepler,11,1094.04223448311,1094.04564008468,0.013028614369889998,1.99508799911614,0.110475091144463,0.7492543082612109
26417717,Kepler-808,Kepler,9,895.4940614213699,895.502235072599,0.006266521882837,3.2852398483225698,0.187430252197203,0.258522031134327
26417717,Kepler-808,Kepler,9,866.121130574276,866.13679682574,0.023328665637629,10.2055336564439,0.2070833186551989,0.73321591131675
26417717,Kepler-808,Kepler,9,860.311652019285,860.315057739077,0.004694189915374,1.17548883817703,0.127377757678133,0.531282009163511
26417717,Kepler-808,Kepler,9,860.12910540009,860.144090626985,0.010953598732435,7.083595471912742,0.254143019097975,0.242136966627818
26417717,Kepler-808,Kepler,9,838.410849398548,838.41357388621,0.004938200568173,0.969167182334891,0.116342545384043,0.8414666991488691
26417717,Kepler-808,Kepler,11,1082.20677763962,1082.21835625633,0.065458458186597,17.936477334882603,0.207519706241727,0.002461365545827
27491137,TOI-2076,TESS,50,2673.90242603558,2673.90312048343,0.013934854769568995,0.593844751440044,0.068405908660617,0.8285291615527991
27769688,Kepler-396,Kepler,16,1491.53038294725,1491.5351506460904,0.004960661811289,0.8609536121424329,0.04009809253021,0.912033445304775
27769688,Kepler-396,Kepler,16,1519.57106586726,1519.5737903574802,0.0024511238881610004,0.338937043836076,0.032955028110026,0.5642333550597961
27769688,Kepler-396,Kepler,16,1527.57081491948,1527.5742204253,0.001032667917372,0.253154064411536,0.033048126544662,0.7502999934794499
27769688,Kepler-396,Kepler,16,1532.27124037,1532.27668929585,0.004358112353005999,1.05693777746104,0.042736621324114994,0.85962746825553
27769688,Kepler-396,Kepler,13,1207.65034790913,1207.6592027725098,0.002045093327654,1.01319041007675,0.058481431247336,0.3092508468462
27769688,Kepler-396,Kepler,13,1258.1823594247098,1258.18780871772,0.001673237211675,0.541876846886342,0.047366342691201,0.4845779044724871
27769688,Kepler-396,Kepler,12,1108.20792596138,1108.21269363251,0.005744121630609,1.4564769975683105,0.047411602787769985,0.996313647522012
28159518,Kepler-367,Kepler,15,1394.6041966832502,1394.61168878162,0.009466356928958,2.4608761665926404,0.076690551602692,0.147751360866984
28159518,Kepler-367,Kepler,14,1319.80071332784,1319.81297370456,0.004657305584576,3.13767233901812,0.13195481412264998,0.169646079703729
28159518,Kepler-367,Kepler,15,1379.0600346612,1379.06275900859,0.0031400165931220005,0.631914113430427,0.072460581779622,0.7367011315485
28159518,Kepler-367,Kepler,15,1401.82931361731,1401.83203793582,0.003963818792519,0.719548424486486,0.066648818791207,0.338812543090012
28159518,Kepler-367,Kepler,15,1411.15559730715,1411.1678571009802,0.005748890063575,3.87858462606072,0.15193838512909,0.5854370342631279
28159518,Kepler-367,Kepler,16,1489.17454582611,1489.18544346894,0.011348717173488,4.44386750768067,0.107964254731533,0.6485721607770311
28159518,Kepler-367,Kepler,16,1555.4799916084396,1555.48475948736,0.003928816852295999,1.15556104229268,0.085394681995347,0.40195511286148494
28230919,HAT-P-11,Kepler,12,1127.46882620265,1127.4851729074198,0.001176618045078,0.730971489166541,0.028376116348767,0.13422855169168
28230919,HAT-P-11,Kepler,12,1153.46694143223,1153.4710280305999,0.000491694433737,0.132200714225202,0.013681297674252,0.453206875534841
28230919,HAT-P-11,Kepler,10,946.0226775603439,946.0308510860781,0.000719422594617,0.358055249084661,0.019918879801068,0.011993995439353
28230919,HAT-P-11,Kepler,12,1110.35131175836,1110.36765809944,0.001279451591969,1.14242989381976,0.025953768906425,0.632140516339426
28230919,HAT-P-11,Kepler,12,1181.62470528249,1181.6437770262598,0.001067942934516,0.698147307018802,0.026066007099737,0.214029698450888
28230919,HAT-P-11,Kepler,10,983.139792152208,983.156138829276,0.000920065676365,0.7972331354810791,0.026428881845814,0.605818632889994
28230919,HAT-P-11,Kepler,10,930.87358918161,930.8810817569321,0.0018051437715470005,0.512130273357112,0.023048551529725,0.912628060605513
28230919,HAT-P-11,Kepler,10,948.792833626314,948.7948769544887,0.000373835859563,0.061314798140972,0.01057119067173,0.578742774665746
28230919,HAT-P-11,Kepler,10,936.791971828585,936.811043617876,0.000920418979015,1.20548458302132,0.055860488510377,0.12347541371055196
28230919,HAT-P-11,Kepler,10,936.704105532532,936.732032103893,0.001063986970992,1.7903070286886298,0.059722203753462,0.105498767327703
28230919,HAT-P-11,Kepler,10,935.875846405739,935.887425647648,0.001390423438457,0.801856225452254,0.042850369923563,0.936044470236157
28230919,HAT-P-11,Kepler,10,979.9794153383921,979.982139723492,0.000909980863635,0.148765432912624,0.012938861996197,0.959234231697282
48353358,Kepler-1651,Kepler,14,1330.93701289013,1330.94109956335,0.006802853878707,1.38701021392275,0.06982779066994901,0.717479725505376
48353358,Kepler-1651,Kepler,14,1335.0373248708,1335.0489038702099,0.019062224452956,6.13527298312594,0.099926073240833,0.132548229386168
48353358,Kepler-1651,Kepler,14,1338.8658642423402,1338.87199427715,0.0054955289416490005,1.87534652694076,0.105867516876264,0.5201055948953901
48353358,Kepler-1651,Kepler,14,1341.07539315193,1341.0774365277198,0.0031032634578699995,0.463522934467172,0.056073602969376,0.7437729312121899
48353358,Kepler-1651,Kepler,16,1553.6355183259302,1553.6443730548099,0.018081038602686,5.67964531831401,0.110153918788396,0.26091932314796
48353358,Kepler-1651,Kepler,14,1359.98774571221,1359.99251351325,0.005712798163649,1.17146508394054,0.07963564711281901,0.658242346970516
48353358,Kepler-1651,Kepler,14,1360.36507834229,1360.3671216996902,0.004213937868962,0.5090295717211839,0.056094205150734,0.6964391697913089
48353358,Kepler-1651,Kepler,14,1362.55687601411,1362.56300598,0.003995165092425999,1.20192985376155,0.103503097465495,0.9183115991917008
48353358,Kepler-1651,Kepler,14,1362.96349578296,1362.9662202228901,0.004254133252880999,0.690286318344204,0.05886430475039101,0.959473115657098
48353358,Kepler-1651,Kepler,14,1330.44524734335,1330.44797172635,0.003683799521403,0.6559270371263921,0.06428386128092001,0.667699028152525
48353358,Kepler-1651,Kepler,14,1350.06264724073,1350.07422615307,0.0068903459820140005,4.07765247428902,0.14525812280778602,0.653539340749216
48353358,Kepler-1651,Kepler,14,1328.78672944098,1328.7894539260801,0.004355289754199999,0.7533226009014359,0.065452564374965,0.499809719329056
48353358,Kepler-1651,Kepler,14,1274.39201105681,1274.40086574516,0.010962294938492,3.58309059976586,0.119968002922827,0.993513006988083
48353358,Kepler-1651,Kepler,14,1323.27035914883,1323.27444593859,0.007770445271483998,1.6243554715561297,0.069907089107679,0.9413957316108392
48353358,Kepler-1651,Kepler,14,1315.51717207261,1315.52398328355,0.006936137545285999,1.6939925434620202,0.08760331675677,0.15655209649049698
48353358,Kepler-1651,Kepler,14,1315.18342270659,1315.2011318380198,0.028097296685072003,13.1874034668216,0.140438353984163,0.122767142887958
48353358,Kepler-1651,Kepler,14,1314.54453075955,1314.54725516537,0.009909956913111,1.36324033644068,0.05785366520840701,0.058093058123207
48353358,Kepler-1651,Kepler,14,1313.0201801169196,1313.02290452483,0.005321538343611,0.820130351550285,0.059410282716695,0.9037853021254648
48353358,Kepler-1651,Kepler,14,1312.12041757615,1312.12382308779,0.004560285174301,0.929116387051244,0.07396942916208,0.812703673848456
48353358,Kepler-1651,Kepler,14,1296.57441639856,1296.57714092929,0.004195231502965,0.762980899029126,0.07078057386269099,0.239005018591873
48353358,Kepler-1651,Kepler,14,1288.6222333952,1288.62563914665,0.002686084276758,0.666800829129246,0.084410402051902,0.4340173207404961
48353358,Kepler-1651,Kepler,14,1283.27535288836,1283.27807733609,0.002726696235698,0.519127823408353,0.064544324191665,0.8927605327538509
48353358,Kepler-1651,Kepler,14,1281.7407616739501,1281.7448484484598,0.006269845153486,1.09453784646055,0.084558952423043,0.737416138854788
48353358,Kepler-1651,Kepler,14,1275.21550262714,1275.21822728418,0.003990418741879001,0.611888012662635,0.07371034072020599,0.076873837984887
48353358,Kepler-1651,Kepler,14,1364.3904105926101,1364.3992648921499,0.004913444138086,2.19561689933705,0.113941746037034,0.103917586711712
48353358,Kepler-1651,Kepler,14,1327.464681933,1327.46944981065,0.003877860236185,0.960449236220616,0.081365412214782,0.36598080977695896
48353358,Kepler-1651,Kepler,14,1365.21931488001,1365.2220392173801,0.002359907692793,0.435509181413656,0.065227368460114,0.18782633903453896
48353358,Kepler-1651,Kepler,14,1365.410705173,1365.41411069453,0.003127704178874,0.7165430244200299,0.06695852637794,0.207200494693769
48353358,Kepler-1651,Kepler,14,1366.9956346091499,1367.00176456387,0.011336119442816,3.02434519426499,0.101680646687366,0.3676405521631621
48353358,Kepler-1651,Kepler,15,1446.7434229417902,1446.7468285445002,0.008432506112697,1.25661947870746,0.06988006852650999,0.440390954346625
48353358,Kepler-1651,Kepler,15,1447.51987795818,1447.53077554968,0.006950703916583,3.47869242814981,0.104102276811412,0.518990344711036
48353358,Kepler-1651,Kepler,15,1450.3341881369,1450.35870786676,0.0033506857198950003,4.35547932762031,0.214162663832289,0.8038787924296551
48353358,Kepler-1651,Kepler,15,1454.77497392724,1454.7776984573404,0.00296694519171,0.469763817019517,0.064721561729882,0.253412955376765
48353358,Kepler-1651,Kepler,15,1457.9979540737802,1458.0027217577695,0.005445395963017,1.38789809806696,0.082656227756295,0.5796704581636021
48353358,Kepler-1651,Kepler,15,1463.7280859136902,1463.73012926922,0.002095036894598,0.351921002758764,0.056354066386245,0.159723210501487
48353358,Kepler-1651,Kepler,15,1465.1481910815,1465.1624942798098,0.056161335518173,13.3734776140804,0.079756190039352,0.303478351606626
48353358,Kepler-1651,Kepler,15,1466.9224725149802,1466.92451577365,0.004233515384811,0.5786377487163821,0.049336377132252994,0.483086231087981
48353358,Kepler-1651,Kepler,15,1468.6579323439996,1468.65997570436,0.003505789985789,0.491124501809391,0.054769473342487,0.6587642570947261
48353358,Kepler-1651,Kepler,15,1468.8282091520098,1468.8336579468805,0.00389417417719,1.1462924376392198,0.081727211336696,0.676001125966691
48353358,Kepler-1651,Kepler,15,1441.63789616488,1441.64606941872,0.017394748698124,4.0297780393755005,0.080621054144785,0.9235660466795528
48353358,Kepler-1651,Kepler,15,1469.93432722263,1469.94454383124,0.017958701777772,5.08918158934791,0.110764133918391,0.787971818648293
48353358,Kepler-1651,Kepler,16,1490.93024005599,1490.9459057461,0.013668425063808002,6.6800409305664505,0.235516736745305,0.913356952374648
48353358,Kepler-1651,Kepler,16,1491.71829080613,1491.7305508257998,0.030739052263973006,10.2027763442675,0.20874105090101,0.99313016167788
48353358,Kepler-1651,Kepler,16,1498.1637011524695,1498.1848157956601,0.007025787192295999,8.2791596061648,0.3299387565479,0.645589496958556
48353358,Kepler-1651,Kepler,16,1504.93607463672,1504.9415236441598,0.025258713912037,5.178464175941531,0.136334947073934,0.33114682603054696
48353358,Kepler-1651,Kepler,16,1510.4122973459198,1510.42115188678,0.032926174207738995,7.73073212354576,0.127560927419673,0.8854967334378492
48353358,Kepler-1651,Kepler,16,1527.61823844967,1527.62845549577,0.019745857392986,8.67919528195514,0.182575418230585,0.627228646878647
48353358,Kepler-1651,Kepler,16,1528.19243104479,1528.21218393321,0.022172251403485,11.2118372591888,0.199955130721896,0.685353312152272
48353358,Kepler-1651,Kepler,16,1528.91442911996,1528.91987820157,0.004152107108688,1.38140140954545,0.129892433429133,0.7584401070785829
48353358,Kepler-1651,Kepler,16,1546.12121660978,1546.13279587613,0.006871168713236999,3.1935071901233,0.155119890333642,0.500257698926132
48353358,Kepler-1651,Kepler,16,1553.38622189299,1553.40393144925,0.019029235198815,14.174875201133,0.227223016401702,0.235683414775794
48353358,Kepler-1651,Kepler,15,1470.4839810035098,1470.4928353401301,0.004683447083658,1.89686907443527,0.115292613755742,0.843612456131637
48353358,Kepler-1651,Kepler,15,1440.58695957008,1440.6012626351999,0.008019457567191,4.49114554972555,0.132594416181994,0.817181292998758
48353358,Kepler-1651,Kepler,15,1434.60350526449,1434.62257605737,0.015713399393238,9.28719734905177,0.15131847590710198,0.211485082962572
48353358,Kepler-1651,Kepler,15,1431.83824616813,1431.84301381377,0.002284971131028,0.768072633846925,0.08110603053108201,0.9315620036015742
48353358,Kepler-1651,Kepler,14,1367.9798296883698,1367.98732180769,0.015616139779973996,3.2055597313934903,0.086325058269727,0.467269161152824
48353358,Kepler-1651,Kepler,14,1371.10200728417,1371.1040505324902,0.004375193126602,0.53881016710812,0.061249429436548,0.7833225711493559
48353358,Kepler-1651,Kepler,15,1375.49236305361,1375.49781190716,0.003357693024282,1.13258438031634,0.091818911084189,0.22775177783359804
48353358,Kepler-1651,Kepler,15,1376.7755586012,1376.77760204543,0.003274247577907,0.42303281535072296,0.052437869667554,0.3576477610254721
48353358,Kepler-1651,Kepler,15,1380.4221742857599,1380.42830421124,0.006558687972501,2.07866483942276,0.08563016813158,0.726789261368004
48353358,Kepler-1651,Kepler,15,1382.68683352751,1382.6916011885098,0.013772427584468,2.67738967607267,0.062493567682228,0.956037359490272
48353358,Kepler-1651,Kepler,15,1385.09247887389,1385.09588437226,0.002917742269601,0.6373860458393629,0.06916270713467701,0.19955727199843887
48353358,Kepler-1651,Kepler,15,1387.8379912789599,1387.85161326289,0.014460904854221,5.37338582770521,0.125323662463355,0.477481423070397
48353358,Kepler-1651,Kepler,15,1391.5370402516598,1391.54112682326,0.005500390394793,0.972348735579674,0.073135468285131,0.8519306674497891
48353358,Kepler-1651,Kepler,15,1392.32643358838,1392.34141771515,0.008184876786235,3.20850709260544,0.14799067539101002,0.93183978480202
48353358,Kepler-1651,Kepler,15,1395.07534640762,1395.0794329763,0.0039070295139200005,0.8834507560547149,0.076497660833341,0.210108154760024
48353358,Kepler-1651,Kepler,15,1395.7189842903501,1395.72579527079,0.010549233197067,2.850570366871,0.094867623261284,0.2752626635593869
48353358,Kepler-1651,Kepler,15,1396.7958004636498,1396.8032924207,0.004070945284135,1.76369624968683,0.102302688207334,0.3842671686107361
48353358,Kepler-1651,Kepler,15,1398.01632794974,1398.02450118291,0.0057935910114880005,1.90197308576542,0.10410880868977004,0.507819356830055
48353358,Kepler-1651,Kepler,15,1400.13522324851,1400.13930981381,0.007661436379782,1.54232157484479,0.07020470445273301,0.7223119870707699
48353358,Kepler-1651,Kepler,15,1400.14271530159,1400.1447586341799,0.002144514389721,0.366007651121385,0.0579980432864,0.723070396498775
48353358,Kepler-1651,Kepler,15,1400.4076623647302,1400.4240086253901,0.00498906572638,4.52992690656376,0.17199365522337198,0.749890594967879
48353358,Kepler-1651,Kepler,15,1401.80868010897,1401.81140451863,0.003875045905109,0.5767775163692729,0.060838802012863,0.891713544477673
48353358,Kepler-1651,Kepler,15,1406.0219486416504,1406.02671628135,0.005501230741958,1.43642269806882,0.08903556213851899,0.318216472682806
48353358,Kepler-1651,Kepler,15,1409.1379681484802,1409.14001147933,0.006370050830016999,0.784129317600982,0.051630913171095,0.6336465084606601
48353358,Kepler-1651,Kepler,15,1418.8510787580801,1418.8667440276902,0.012865384883179,4.50202440091008,0.13760587660347198,0.6168902976554139
48353358,Kepler-1651,Kepler,15,1419.5621442957902,1419.56623075761,0.00286200957442,0.825695471440147,0.07879058742485699,0.6888704080202471
48353358,Kepler-1651,Kepler,15,1422.40572497992,1422.41934702189,0.006891840674524,3.72854091673137,0.136255516041604,0.976721865614264
48353358,Kepler-1651,TESS,26,2023.9235713313,2023.93190475402,0.039896433371449,14.356746319079098,1.13710782811037,0.229679657510251
48353358,Kepler-1651,Kepler,15,1386.16725435828,1386.17065975571,0.004563714298435001,0.7337237105216031,0.06663771460733,0.30835520113499604
48353358,Kepler-1651,Kepler,14,1332.50766496897,1332.5103895489399,0.002269145597476,0.500263039755776,0.068035120730979,0.8764745072577329
63126862,Kepler-42,Kepler,15,1443.70319667743,1443.7093264267999,0.052239075157357,9.74218889757366,0.243130257115192,0.6465063019128751
63126862,Kepler-42,Kepler,9,875.9141221419701,875.928426111939,0.08336734259173699,19.783885619784602,0.3535499029394269,0.037305025383348
63126862,Kepler-42,Kepler,15,1441.7430133569,1441.74709988804,0.01553683070925,3.4638129247561698,0.2548177441676,0.322112308431572
63126862,Kepler-42,Kepler,15,1407.16606303381,1407.16946849516,0.020401458406412,3.26104527398708,0.229701766840869,0.041310036529587014
63126862,Kepler-42,Kepler,15,1377.4464438635198,1377.44848720415,0.008544569025420999,1.4542545752744198,0.159159077346037,0.476349207375332
63126862,Kepler-42,Kepler,16,1474.05758470048,1474.06235236591,0.025454112272136,5.86075491498156,0.387565808393195,0.611841568179803
63126862,Kepler-42,Kepler,9,889.735262230766,889.750928605972,0.09054245421584403,26.5578983368795,0.416333627752409,0.528358875832743
63126862,Kepler-42,Kepler,10,991.173482886094,991.176207328586,0.012452022736911,1.95526229879796,0.257299099325073,0.312954692402208
63126862,Kepler-42,Kepler,10,932.179739671599,932.181783006759,0.035198558508763,3.87259686418415,0.180642137652237,0.165847461290071
63126862,Kepler-42,Kepler,10,921.293175583771,921.2979434950612,0.042562493610514,7.988393263706289,0.295348608662866,0.14881198406216
63126862,Kepler-42,Kepler,11,1079.7825114457,1079.82882576461,0.161677588003182,108.32317401107099,0.567045500173686,0.794850114127628
63126862,Kepler-42,Kepler,11,1051.3558050923,1051.37351343205,0.076689163815004,29.585198749493,0.467761375026289,0.082206392713996
63126862,Kepler-42,Kepler,9,869.519508463061,869.52291430148,0.04068310520655,8.18532831966016,0.22708842609774105,0.930038274321491
63126862,Kepler-42,Kepler,11,1040.93102336797,1040.96507794049,0.068871695863535,53.082344758146895,0.7046490403464599,0.08391689607428303
63126862,Kepler-42,Kepler,11,1008.6103530758701,1008.62125063966,0.012772608525775,7.98542245133876,0.5233227547692381,0.780732641543503
63126862,Kepler-42,Kepler,12,1144.52709474476,1144.53050035081,0.018830074600665003,3.67470620300648,0.389436621228249,0.6289841445589021
63126862,Kepler-42,Kepler,13,1224.98918461318,1224.9953149622802,0.055396500977911,8.818597002702688,0.243632667296204,0.13777859535912804
63126862,Kepler-42,Kepler,13,1221.3729712564698,1221.3750147387,0.017460721857955,2.49384561867161,0.22508383334836,0.159988377937736
63126862,Kepler-42,Kepler,13,1219.43783116605,1219.44055587489,0.008407475906163,1.63500148667285,0.209035164882607,0.8908426832778651
63126862,Kepler-42,Kepler,14,1368.62211698871,1368.62416023912,0.010882742961521,1.5072617217560198,0.196220642586994,0.008850563630657
63126862,Kepler-42,Kepler,14,1353.65547800446,1353.65956464299,0.040660725758844,6.74618990093354,0.1832079517119589,0.990691982122444
63126862,Kepler-42,Kepler,14,1337.5015082597802,1337.50695713627,0.021676847509037,6.59050044668141,0.366461334078511,0.3531426758376041
63126862,Kepler-42,Kepler,14,1323.18503676287,1323.1938913096699,0.01828714359599,6.4530679779151,0.403629663220236,0.7693297229125501
63126862,Kepler-42,Kepler,15,1459.63943315057,1459.64215765371,0.00968667469576,1.64482500819487,0.233989998741041,0.803710508965757
63126862,Kepler-42,Kepler,15,1459.01895489044,1459.02236036849,0.010288716590419,1.81906610912937,0.225859548084627,0.43486279298550107
63126862,Kepler-42,Kepler,11,1039.52252573885,1039.54023420078,0.08819854418688199,39.0639480768246,0.540431271143717,0.976606154572361
63126862,Kepler-42,Kepler,15,1448.9394379069101,1448.94284337245,0.025672837136845,3.91469424051385,0.212850488145575,0.19826775403212
63213622,Kepler-1313,Kepler,15,1453.11301152207,1453.11505473883,0.001312388350174,0.19671875768155608,0.030441258495198995,0.75541005047922
63213622,Kepler-1313,Kepler,15,1453.11301152207,1453.11505473883,0.001312388350174,0.19671875768155608,0.030441258495198995,0.75541005047922
67646988,,TESS,48,2627.1101428902302,2627.11569837114,0.046825620003017,10.894224299888199,0.8475504091880849,0.806258644252473
67646988,,TESS,48,2618.1116201812,2618.1630090007197,0.5742053384801321,451.565199786351,2.43195750573487,0.024183195784237003
67646988,,TESS,48,2631.8183927877803,2631.8225593608604,0.048685213847193,9.961183020902329,0.749195775044569,0.30835892986346003
67646988,,TESS,21,1897.39240067466,1897.39656725198,0.039780663187714,8.20642535357382,0.856095328196779,0.013127238206445
67646988,,TESS,48,2632.38226863517,2632.40310147264,0.088999991337585,73.8026513655928,1.52849248420714,0.6080188777242671
67646988,,TESS,21,1872.24648414068,1872.26454016395,0.106915254300592,47.86517228676121,1.2798714812111,0.6498592913669531
67646988,,TESS,21,1894.1688426586,1894.17300927363,0.034979105006971004,7.89529982415233,0.8104616936259259,0.300035195900314
67646988,,TESS,21,1892.09108595123,1892.10914136252,0.18539331705695,96.04633580726272,1.5639458703789602,0.195855136632795
67646988,,TESS,21,1888.5133238944,1888.52304610775,0.04735924975639,21.1731420839998,1.17349589787968,0.294528813895089
67646988,,TESS,48,2629.70593553977,2629.74343486003,0.224259112808342,162.51663777361298,2.06559198261886,0.18573799881994
67646988,,TESS,21,1874.92571350133,1874.93404700805,0.025923795706748,13.2870035181698,1.2100142629906598,0.073679329466916
98796344,LTT 1445 A,TESS,31,2166.11339726298,2166.11571202556,0.025216403774001,2.8742854997328995,0.11564211186832304,0.301554373503702
98796344,LTT 1445 A,TESS,4,1429.59219411736,1429.6019162173902,0.052057379292587004,14.6362830897348,0.233317189523372,0.532042560601003
98796344,LTT 1445 A,TESS,31,2149.24479193233,2149.2482641655897,0.016078797669332,2.80830042360762,0.15515737629115306,0.901705968888186
98796344,LTT 1445 A,TESS,31,2150.5806740437,2150.59016478955,0.029094512566702008,11.892135765141699,0.27578466808447805,0.32933829215478605
98796344,LTT 1445 A,TESS,31,2150.805,2150.81,,,,0.4012
98796344,LTT 1445 A,TESS,31,2151.63877541577,2151.64016430265,0.028465436636021007,1.7496381425839498,0.090870899912726,0.6680495782350789
98796344,LTT 1445 A,TESS,31,2151.74155303534,2151.74271044084,0.019125638060835,1.24109198804204,0.08858606022978699,0.7009499605839712
98796344,LTT 1445 A,TESS,31,2152.83969829062,2152.84340198105,0.02189529234364,3.70806135222242,0.163790082323533,0.052479787059549
98796344,LTT 1445 A,TESS,4,1433.9212888613001,1433.9323997444199,0.007209922039951,3.71861086252058,0.34137026935351605,0.917839126961591
98796344,LTT 1445 A,TESS,31,2155.57162652627,2155.58065423113,0.07680442195034899,14.953225147835903,0.200309607039715,0.9270036754081108
98796344,LTT 1445 A,TESS,31,2161.81995709022,2161.82273483,0.012269486901128002,2.11243568504567,0.152144124112589,0.9271712746791412
98796344,LTT 1445 A,TESS,31,2164.34098040509,2164.34213779011,0.008076274988708,0.7258795922362741,0.098272491627602,0.73418189932611
98796344,LTT 1445 A,TESS,31,2167.3696176251897,2167.3705435283605,0.015081317557933,0.93594940520755,0.085774281269793,0.7036859893520171
98796344,LTT 1445 A,TESS,4,1414.04914697762,1414.0588693090301,0.011568306827321998,5.82156290187294,0.304442318129205,0.556521665112213
98796344,LTT 1445 A,TESS,4,1416.1,1416.13,,,,0.2132
98796344,LTT 1445 A,TESS,4,1422.10750825092,1422.11861932956,0.014475966149632,7.98458971174265,0.387882975488832,0.136102395854895
98796344,LTT 1445 A,TESS,4,1425.5700046546601,1425.57417130894,0.009812075903955,2.2032333443544303,0.156023993775143,0.244490156149256
98796344,LTT 1445 A,TESS,31,2160.68,2160.69,,,,0.562
101955023,GJ 1132,TESS,10,1585.76146344129,1585.7684077582196,0.017171900203813,6.901370933051901,0.5438022131329541,0.1998835072889789
120105470,Kepler-1627,Kepler,15,1397.78071513629,1397.7882071101,0.003411470455617,1.63349899316337,0.112440672977356,0.290241542678015
120105470,Kepler-1627,Kepler,15,1381.58843919254,1381.59252573235,0.003760017759427,0.7941390552479031,0.08038903941710497,0.042199972344274
120105470,Kepler-1627,Kepler,15,1403.63604761886,1403.64149637729,0.00368798061758,1.20468354296448,0.106471121897172,0.103161905117855
120105470,Kepler-1627,Kepler,15,1464.51762257768,1464.5203469066696,0.002963785589763,0.487503253973994,0.060137163263182,0.5556062588459251
120105470,Kepler-1627,Kepler,15,1458.76776638169,1458.79160497447,0.027814223115269,20.6305280568279,0.13866527404545098,0.757329611577994
120105470,Kepler-1627,Kepler,15,1453.33464056518,1453.34213271966,0.002945500806658,1.41979063745175,0.113044812039136,0.003025971076182
120105470,Kepler-1627,Kepler,15,1449.1,1449.13,,,,0.415
120105470,Kepler-1627,Kepler,15,1447.77893354462,1447.7959608380402,0.005546216555901,5.20428801658133,0.124373717687299,0.231703867983262
120105470,Kepler-1627,Kepler,15,1447.31170174324,1447.3307724595902,0.015321279398777,10.9848090604036,0.142890159433655,0.166836117696611
120105470,Kepler-1627,Kepler,15,1444.4790263627694,1444.48175086155,0.0035016388949459997,0.660453394491486,0.06973249120741097,0.773563916019669
120105470,Kepler-1627,Kepler,15,1443.6753346634,1443.68146443354,0.004084708758255,1.42130429408059,0.098574281689811,0.661984027177456
120105470,Kepler-1627,Kepler,15,1443.52072606694,1443.53775342729,0.005963997691575,4.33445071845207,0.15319581596849302,0.640519067391915
120105470,Kepler-1627,Kepler,15,1442.5494854582,1442.56106411838,0.005326892053548,3.4201407330019102,0.14208595684028302,0.505677660857601
120105470,Kepler-1627,Kepler,15,1442.07271951457,1442.0788493805096,0.003246769186821,1.42651467883926,0.120800187606513,0.4394862456217861
120105470,Kepler-1627,Kepler,15,1441.10829032794,1441.1144201915,0.003544624056982001,1.42777094492196,0.100169909581369,0.30559049738272903
120105470,Kepler-1627,Kepler,15,1438.13123068646,1438.13463605121,0.003799562314833,0.7831935805608999,0.078653334237612,0.892272823285535
120105470,Kepler-1627,Kepler,15,1435.15281191787,1435.16370937392,0.008798152031326001,5.12032604872948,0.15115039142424402,0.478766455872906
120105470,Kepler-1627,Kepler,15,1434.67604727669,1434.68081488175,0.00380064656012,1.29954108645305,0.093745698569155,0.412575221462327
120105470,Kepler-1627,Kepler,15,1433.19943949694,1433.20148271245,0.004671680959776,0.503179601707844,0.052245962243925005,0.20757157135912305
120105470,Kepler-1627,Kepler,15,1428.90583801056,1428.9208220735998,0.007229266013409,5.23405058417188,0.177187083095378,0.611472872116802
120105470,Kepler-1627,Kepler,15,1428.0279116235001,1428.04698210888,0.005181329152798,5.12635793182036,0.13650671097374198,0.489586670284572
120105470,Kepler-1627,Kepler,15,1427.29233320741,1427.29778197376,0.007626601140377,2.5289201794801097,0.10122957811246304,0.387463234188387
120105470,Kepler-1627,Kepler,15,1423.73431548409,1423.74793719043,0.033357096450459,16.8763748490391,0.13779775081312098,0.893488713385568
120105470,Kepler-1627,Kepler,15,1420.10682860841,1420.12794227691,0.04582081247989,41.5551450884073,0.197079449794642,0.389869498849036
120105470,Kepler-1627,Kepler,15,1419.4611551202402,1419.47205263863,0.005923387139401999,3.49230091193098,0.119870413187935,0.3002279409040611
120105470,Kepler-1627,Kepler,15,1412.11833983297,1412.1319617244699,0.003413298524497,2.69625543926789,0.146337617567189,0.280794103042729
120105470,Kepler-1627,Kepler,15,1410.8562806173902,1410.86990240883,0.006805714210416,5.063472723018741,0.137611858598231,0.105577129795672
120105470,Kepler-1627,Kepler,15,1409.55948575037,1409.56425333739,0.004976450331579001,1.29236289613231,0.081580135627205,0.9255376603980028
120105470,Kepler-1627,Kepler,15,1404.2245093219199,1404.23268225916,0.006518171051130999,2.6209099346738,0.099740499248183,0.18486051102257609
120105470,Kepler-1627,Kepler,15,1461.52213706188,1461.53575898074,0.006233061542476999,4.2239306909216,0.145226442345616,0.139730443349752
120105470,Kepler-1627,Kepler,15,1465.41,1465.43,,,,0.6795
120105470,Kepler-1627,Kepler,15,1384.8161391392905,1384.82090684708,0.004937627327265,1.3718201415581,0.102841643791699,0.4903150910627
120105470,Kepler-1627,Kepler,15,1466.07939115806,1466.1059541929699,0.011717383611223998,14.927346332649698,0.2092155532151,0.7724331400154201
120105470,Kepler-1627,Kepler,15,1393.5266225225598,1393.5286658353698,0.002393477114338,0.3780778971021371,0.06307306530557201,0.699628025903234
120105470,Kepler-1627,Kepler,15,1388.0772093418802,1388.08878786365,0.007711258030725,4.20430681517249,0.111812677037796,0.94306314233525
120105470,Kepler-1627,Kepler,15,1395.5433323848804,1395.55286767382,0.011981238037974,5.44467199778604,0.118389176259609,0.979616313006644
120105470,Kepler-1627,Kepler,15,1397.77458530312,1397.7779908548,0.002682344780226,0.617417613446396,0.080358497504713,0.289390512233882
120105470,Kepler-1627,Kepler,15,1402.24185630931,1402.24798613853,0.002947069969508,1.15140020474567,0.09620177321954597,0.909600479179489
120105470,Kepler-1627,Kepler,15,1387.9661913253901,1387.96891581293,0.004239572213918,0.738764070611628,0.080627886295586,0.927650045560366
120105470,Kepler-1627,Kepler,15,1385.79623148159,1385.798955771,0.001754028125161,0.40395823920262,0.066100018426387,0.626385420886313
120105470,Kepler-1627,Kepler,15,1382.26135932877,1382.2647648944296,0.003156793967068,0.7504925343325491,0.069509712619955,0.13562429669615306
120105470,Kepler-1627,TESS,53,2745.42,2745.48,,,,0.242
120105470,Kepler-1627,TESS,53,2767.55,2767.6,,,,0.31
120105470,Kepler-1627,TESS,53,2749.7793477971504,2749.801570441691,0.0313347873323,45.462473126603896,2.69502581484338,0.847578364655841
120105470,Kepler-1627,TESS,53,2745.43,2745.44,,,,0.235
120105470,Kepler-1627,TESS,41,2436.2031665448603,2436.21011085157,0.017276804364091,9.28205426779457,1.14334641121174,0.312482163842146
120105470,Kepler-1627,TESS,41,2422.26445405177,2422.27973167842,0.040397248520924,32.4740500875009,2.07869807872056,0.37731225750905295
120105470,Kepler-1627,TESS,40,2405.68,2405.71,,,,0.0751
120105470,Kepler-1627,TESS,40,2402.54,2402.56,,,,0.639
120105470,Kepler-1627,TESS,40,2391.39213078242,2391.4018531075603,0.025361532260457,18.3654599073242,1.221762669601,0.091178157315498
120105470,Kepler-1627,Kepler,15,1470.8082976924802,1470.81442765884,0.003253277617569,1.15037622228094,0.10186079667182,0.42896706449461497
120105470,Kepler-1627,Kepler,15,1470.07679083836,1470.09518062788,0.00819850184886,8.49743374962204,0.202238755843662,0.327408900419342
120105470,Kepler-1627,Kepler,15,1469.9255855222,1469.93375873884,0.006089188329849,2.53596612886196,0.12264348317342096,0.306416432309442
120105470,Kepler-1627,Kepler,15,1468.38628916601,1468.39173803795,0.0025550881103860003,0.796422976175761,0.08626642201419599,0.092709464258915
120105470,Kepler-1627,Kepler,15,1392.8904834358,1392.89252674884,0.004273810882622,0.584543449650501,0.057026836486832,0.611310168889027
120105470,Kepler-1627,Kepler,15,1391.3498550066101,1391.36347683199,0.010831800605521,5.62669472578256,0.128714241499364,0.397418263558034
120418600,Kepler-974,Kepler,16,1515.1174871538599,1515.1208927951902,0.008450420906453,1.71331344959701,0.178434139083906,0.236940324430638
120418600,Kepler-974,Kepler,16,1530.60848290244,1530.61256969918,0.010824227539911,2.70411863698398,0.207300654721987,0.93011201062659
120421638,Kepler-1366,TESS,40,2403.6922627179897,2403.69642942886,0.246686222380448,78.13951672884409,11.944094648227,0.688124454419555
120916706,,TESS,30,2136.3485625047,2136.37495145307,1.52798824891625,1614.50504458724,21.258817855462,0.279394487033054
122066949,Kepler-705,Kepler,15,1429.0805457807098,1429.0859944328602,0.018981132136375,6.03411636924168,0.586337512852504,0.905126253833477
122066949,Kepler-705,Kepler,14,1334.5640299074698,1334.57152205321,0.079065457449188,17.978698913185898,0.467858320227764,0.219019054592106
122066949,Kepler-705,Kepler,12,1130.4897071630498,1130.49651823336,0.093467723219771,24.859604371859497,0.459798349958622,0.57847875768633
122066949,Kepler-705,Kepler,12,1127.16177295399,1127.17403306762,0.034978472694812,17.057207089256494,0.6595089488625799,0.519110786103328
130181866,HD 63433,TESS,44,2509.3145285025,2509.3156860218,0.002221726514017,0.17612810212321106,0.023127829295278,0.408407863138637
138297607,Kepler-636,Kepler,13,1246.91476724028,1246.92225987974,0.013841747024961,4.19975252265574,0.140009913315344,0.176057832064233
138297607,Kepler-636,Kepler,13,1254.86379326602,1254.86856147382,0.004067255463918,1.32529578928713,0.130701886015789,0.670379921908429
138297607,Kepler-636,Kepler,13,1220.9417745386802,1220.94790491844,0.003268910727058,1.38020364626088,0.147309637212705,0.560888377318636
138297607,Kepler-636,Kepler,13,1240.0405875998101,1240.0542107291499,0.004951791304619001,3.3778722082003,0.180018816198947,0.748576674645234
138297607,Kepler-636,Kepler,13,1220.0896543076199,1220.09510355559,0.005236289434087,1.5565625329406003,0.112817139358947,0.507898004403621
138297607,Kepler-636,Kepler,8,745.8702265773828,745.8729510236011,0.003306680844418,0.6171575100717779,0.091066172946498,0.017852582344557
138297607,Kepler-636,Kepler,13,1214.45517482946,1214.47424697639,0.046542826066815986,20.7321181174577,0.187570970969914,0.157509458459932
138297607,Kepler-636,Kepler,13,1264.80584182148,1264.8078853041302,0.003884809833028,0.5276933895240971,0.07139526336812299,0.288641103007834
138297607,Kepler-636,Kepler,8,749.3248046635132,749.327529217182,0.003083585823621,0.6106998933448979,0.096268595731548,0.23268069506366
138297607,Kepler-636,Kepler,8,749.4651130913188,749.467837545337,0.00461285577101,0.8700065199878609,0.082551862804228,0.24140598480750305
138297607,Kepler-636,Kepler,13,1216.7615507291698,1216.76427525151,0.006905732028719,1.07792809667371,0.094934719743763,0.300934898384002
138297607,Kepler-636,Kepler,13,1272.4605684161802,1272.46465526892,0.013332557103782,2.31722907172865,0.094365087462899,0.764661741916768
138297607,Kepler-636,Kepler,13,1212.16855342213,1212.1705968117199,0.00386982414797,0.546379261417816,0.073516124550857,0.015312481233253
139106731,Kepler-908,Kepler,4,431.957753001792,431.965926725541,0.006292016974505,1.99508690724406,0.044336875525503,0.566983907485652
139106731,Kepler-908,Kepler,4,433.354769025835,433.35681238369597,0.0012372222666430005,0.184700451122648,0.024565280556654,0.6090685416170191
146520535,TOI-942,TESS,32,2183.08288093952,2183.0898254037,0.012609565841101004,4.43861409886821,0.41748483850616097,0.4797941208745611
146520535,TOI-942,TESS,32,2191.30927785751,2191.33011111035,0.015680145313909998,17.1393296503535,1.02312494752372,0.3822075018744169
149603524,WASP-62,TESS,1,1334.3567345692,1334.36367904099,0.013320452562479998,4.25097807297374,0.16873770796100798,0.877086678051154
149603524,WASP-62,TESS,13,1676.98705641075,1676.99122308986,0.004297359299202,1.48112809975906,0.200839401221664,0.536697925131881
158322085,Kepler-1558,Kepler,12,1155.77147131263,1155.7748768575698,0.003420639081014001,0.768485250470233,0.097343395013267,0.621390506449449
158322085,Kepler-1558,Kepler,12,1112.51150953541,1112.51763944658,0.004312922647854,1.5536577541394,0.12175206555005802,0.277989477016754
158322085,Kepler-1558,Kepler,12,1115.85167795916,1115.8578079830302,0.003385798411129,1.39478879313568,0.113823501679875,0.231042523447066
158322085,Kepler-1558,Kepler,12,1119.06176064445,1119.0706151525999,0.01402052131361,5.20929193596801,0.113697719845094,0.14697809745961302
158322085,Kepler-1558,Kepler,12,1133.57634944487,1133.58929073311,0.007402185767011,4.6773052062796365,0.19838314177771804,0.288437844083607
158322085,Kepler-1558,Kepler,12,1142.77762178471,1142.78307081242,0.005171396565856,1.62675189711521,0.126411934401687,0.913844566738266
158322085,Kepler-1558,Kepler,12,1149.50305139766,1149.50850034876,0.004420696035514,1.69696607313633,0.121310298068769,0.8328170160279019
158386765,Kepler-828,Kepler,11,1081.53661894803,1081.5386621771304,0.019457254031295,2.46174671322328,0.15294625828192698,0.5079154734945339
158552258,Kepler-1646,TESS,41,2435.01155640882,2435.03100055993,0.905263579019566,521.812555303403,10.661433439380302,0.763208467020245
158552258,Kepler-1646,TESS,40,2415.0922032761605,2415.10609222044,0.527230882650943,246.873690091734,7.97094599443907,0.322459193885333
158552258,Kepler-1646,TESS,53,2764.0835785118293,2764.0946897813697,0.14824013285759602,90.04335635558441,8.5343058919198,0.125346947668775
158657354,Kepler-522,Kepler,11,1081.53679150365,1081.53883473316,0.002793900326765,0.328025671016235,0.033866898222743,0.499325527239111
159376971,Kepler-138,Kepler,6,578.654266178091,578.657671787871,0.0014272194372910007,0.349150571411164,0.047867331285403,0.162933322158533
159376971,Kepler-138,Kepler,9,887.856176263376,887.859581990036,0.002273979639481,0.475412518342859,0.052720038531754006,0.145858102067083
159376971,Kepler-138,Kepler,14,1343.60570830927,1343.6091137703802,0.002938030075627,0.501949962053343,0.048424034030323,0.339323575942838
159376971,Kepler-138,Kepler,11,1063.1037664751,1063.1071719286301,0.003013083956456,0.533227904210489,0.052013948447963,0.139399033715953
159376971,Kepler-138,Kepler,10,921.900230926796,921.9022741703379,0.001775694624092,0.28608151282420097,0.045073680596195,0.44706775466875104
159376971,Kepler-138,Kepler,6,606.744126317259,606.748894039025,0.003080436167662,0.815786000998741,0.066953514838743,0.8867721347923291
164457525,Kepler-453,Kepler,17,1577.59462779749,1577.59667126901,0.00424188811175,0.633324132930843,0.085513336898762,
164557035,Kepler-617,Kepler,11,1034.21557742124,1034.21966397781,0.007644976637574,2.15080990334871,0.21751516039285,0.320604805114607
164832454,Kepler-504,Kepler,6,565.8229557717859,565.827042594137,0.009181953375924,2.37510515213567,0.188614440095825,0.847680019224769
164884002,Kepler-55,Kepler,10,999.570399152668,999.581977691778,0.07739689073120701,30.278930405205397,0.521619444800608,0.117206037575336
164884002,Kepler-55,Kepler,13,1189.92839594346,1189.93316390927,0.014993734761062,4.134419302209509,0.376204354871253,0.209233934468925
164884002,Kepler-55,Kepler,14,1304.6012335401801,1304.60736359373,0.021119707970347,7.4973271867679,0.462095573213746,0.071605360042394
164884002,Kepler-55,Kepler,15,1412.7280210044598,1412.73142646401,0.017584657374705003,3.4947974501025496,0.26562571828653303,0.9734353840653672
164884002,Kepler-55,Kepler,15,1427.28431075876,1427.2890784672104,0.01803403119605,4.65673346203575,0.343232755359288,0.5567180657990339
164884002,Kepler-55,Kepler,17,1572.57854913231,1572.58127363482,0.015758360342142997,2.99682951347705,0.296830058345144,0.268040070625531
164884002,Kepler-55,Kepler,12,1138.55379461544,1138.55924364873,0.012433606755001004,4.34620516908706,0.4215737709497629,0.974362348879517
164884002,Kepler-55,Kepler,13,1239.45046862844,1239.45864243892,0.018900391605987,8.52497376009033,0.500345579769477,0.6062739064377161
164884002,Kepler-55,Kepler,9,872.10155414854,872.103597423971,0.014236239900683997,1.97935043616328,0.23690942901172696,0.467663884949649
164886585,Kepler-1661,Kepler,16,1510.1596993494,1510.1671918008499,0.007932978729053,2.8575733966242898,0.189752242642034,0.919682962123282
166527623,HIP 67522,TESS,38,2342.01154295886,2342.02126511483,0.005247537410217999,3.50908054756443,0.175692696196203,0.040306751646131005
166527623,HIP 67522,TESS,38,2335.1698949860697,2335.1810061006304,0.005448125279458,2.88969893609134,0.203886517089758,0.057241154463297014
166527623,HIP 67522,TESS,38,2334.97545047479,2335.00183937291,0.011214773299776002,16.1168738049909,0.054200756777793,0.029301729581047008
166527623,HIP 67522,TESS,38,2334.89350600155,2334.90739489544,0.005231758888322001,3.58919324020419,0.32321689748532395,0.017527257576216
166527623,HIP 67522,TESS,11,1609.6729654539902,1609.68824310978,0.008170473149581,6.0893142526041295,0.24888621313201004,0.8117325984517241
166527623,HIP 67522,TESS,11,1608.28686090151,1608.29797198555,0.003271178659021,2.35564288579974,0.189733739647292,0.61256542337174
169461816,KOI-12,Kepler,0,124.03811669023001,124.042203786623,0.001756447997075,0.418764269619566,0.03281752166275,0.73660020326063
169461816,KOI-12,Kepler,11,1032.0315782801,1032.03702693377,0.001556491069904,0.449793871927947,0.033645344050017005,0.589818142449079
169461816,KOI-12,Kepler,11,1077.79173120958,1077.7944554799,0.0015377685939660002,0.24016551519229104,0.024915600190691004,0.152668127930999
169461816,KOI-12,Kepler,11,1089.82385330198,1089.8258966142698,0.002318279493498,0.272200392244526,0.022782106187378,0.82654096173362
169461816,KOI-12,Kepler,12,1137.4403369331,1137.44919135744,0.004455087488920999,1.3397423496451002,0.041288098530707,0.4933568827991021
169461816,KOI-12,Kepler,13,1225.4350212123,1225.43910810359,0.00153978546707,0.343773401489919,0.029919149450474,0.4216003629938471
169461816,KOI-12,Kepler,13,1239.13572447461,1239.1411737359101,0.00240518529843,0.7389356938615841,0.034159005708439,0.188924003957858
169461816,KOI-12,Kepler,13,1250.88833178627,1250.89105641444,0.001090515565447,0.17971959654550398,0.023374285482413,0.847142291044516
169461816,KOI-12,Kepler,13,1256.8885984384501,1256.8906419322802,0.001326681600579,0.193289887410524,0.024173022146868,0.183194124746531
169461816,KOI-12,Kepler,14,1281.12929420883,1281.1313375852,0.004233656180122,0.352151614286331,0.018634371084245,0.540822166307732
169461816,KOI-12,Kepler,14,1300.06572610359,1300.06981291255,0.00231735220397,0.5964963467845219,0.036682083943375,0.601378810017973
169461816,KOI-12,Kepler,14,1370.90021716618,1370.9063471043598,0.002507768569352,0.891876367581062,0.045610456443471,0.5685459362107629
169461816,KOI-12,Kepler,15,1457.91965790278,1457.9271499669799,0.00509133750095,1.09260957754405,0.036032473305508,0.4421697803474279
169461816,KOI-12,Kepler,16,1542.54206048142,1542.54819069889,0.001768401013262,0.544860457979684,0.038105151526194,0.181544746037682
169461816,KOI-12,Kepler,16,1550.6312234198099,1550.6339479883802,0.001695489798301,0.233969294498303,0.024660854875011,0.634587618319319
169461816,KOI-12,Kepler,13,1207.2782728023199,1207.28167854399,0.0017794544371820004,0.375215439163204,0.032110300051714,0.40471078942469296
169461816,KOI-12,Kepler,11,1005.95658799724,1005.9593125117999,0.001830067752622,0.267657844431168,0.0277973217398,0.129458327418288
169461816,KOI-12,Kepler,10,956.616927651565,956.629868928634,0.003968889990643,2.45047645913356,0.05798612739253201,0.3661339129329821
169461816,KOI-12,Kepler,3,331.930073146788,331.93960838575697,0.002950102926189,1.1607372997233798,0.048597861599854006,0.37982828441704497
169461816,KOI-12,Kepler,10,928.461002341763,928.466451384716,0.003502095146177,0.8448431528515379,0.037920673631493984,0.789228938802665
169461816,KOI-12,Kepler,8,780.228305348435,780.267129423293,0.00376658704773,6.67332043755626,0.089580071892787,0.48728628745767
169461816,KOI-12,Kepler,5,482.738471762954,482.74937017567595,0.002999915779787,1.38421329104245,0.05315553428769098,0.826026067008425
169461816,KOI-12,Kepler,5,472.3638579252069,472.372031690924,0.001986167812117,0.7950249198561709,0.04145851397584202,0.2449838890151429
169461816,KOI-12,Kepler,4,433.87373594073097,433.87782274236804,0.001304360222412,0.299597314087535,0.032510700207159,0.08930034658606001
169461816,KOI-12,Kepler,4,413.59304268641404,413.59644821644895,0.0011324853209400002,0.248927141917828,0.03132284121374,0.953456799636096
169461816,KOI-12,Kepler,4,382.87398850260803,382.87875621762197,0.003322054627413,0.6572533752635671,0.028912251054365,0.23300084551553304
169461816,KOI-12,Kepler,4,359.729475485823,359.734924293152,0.000981783997646,0.3608260023769911,0.036519052555072,0.93676577959546
169461816,KOI-12,Kepler,3,265.073722125177,265.083938488737,0.001818745147314,0.956364806870256,0.05185193517854099,0.6354614657751639
169461816,KOI-12,Kepler,2,215.524344017002,215.533879661474,0.003043196543713,1.29284852594133,0.052298744245215,0.860391566841902
169461816,KOI-12,Kepler,9,849.4137249369742,849.4191740880051,0.001560321913488,0.452277146165601,0.036875828197885,0.362095269440544
169461816,KOI-12,Kepler,9,826.642229387144,826.649040744538,0.004209353199077,1.03955377740251,0.034449680831033,0.086751475698737
180695581,TOI-1807,TESS,22,1918.09401633325,1918.10929435924,0.002652796437368,2.29010647547239,0.191986824355035,0.12859289007789698
200322593,TOI-540,TESS,5,1444.2768058516901,1444.30319477819,0.04230917380306602,46.3429586483004,1.17671403157631,0.18813543209171
200322593,TOI-540,TESS,31,2155.51951868383,2155.520444618661,0.017887563208029,1.33420138040515,0.195021956363103,0.16483672827988
200322593,TOI-540,TESS,6,1480.35284862815,1480.3639595466598,0.030149326949466006,16.2549032565359,0.662151415553206,0.30169632356196
200322593,TOI-540,TESS,31,2146.25295184695,2146.2538777907503,0.043697131013933,2.9057679291018794,0.196678120986288,0.6866673644218549
200322593,TOI-540,TESS,6,1476.5,1476.53,,,,0.193
200322593,TOI-540,TESS,31,2162.1871862667103,2162.1881122015398,0.030485818336033,1.85117070757691,0.207796511869022,0.5456803917923111
200322593,TOI-540,TESS,31,2165.31244223855,2165.31313668734,0.027065601205966,1.27465568678515,0.16784316374260702,0.067778799350248
200322593,TOI-540,TESS,31,2156.09313520522,2156.09545004125,0.056246886206342994,7.28523902623389,0.32380449508840004,0.6277483515823521
200322593,TOI-540,TESS,32,2185.2677707282896,2185.27077996351,0.07783890033032001,8.17363708958967,0.36918339840298897,0.17183640609440196
200322593,TOI-540,TESS,4,1429.46700252519,1429.4725581399805,0.045204502797883,10.488644715885698,0.432672856013026,0.23654435520342496
200322593,TOI-540,TESS,4,1421.9738534307699,1421.9835757589199,0.042605419886548,16.9026393612371,0.702279045687374,0.189532664340678
200322593,TOI-540,TESS,32,2195.2790401633897,2195.2801975566604,0.043684249854723,3.08704152470142,0.24339140965646106,0.250984779034776
200322593,TOI-540,TESS,5,1460.17535853801,1460.2156359424805,0.044388864678545,62.539560477128,1.22302892541958,0.018353108334076
200322593,TOI-540,TESS,32,2174.76478944468,2174.76548389138,0.027033004446652,1.22105292989585,0.179289211768932,0.6958739221541889
200322593,TOI-540,TESS,5,1444.76430642586,1444.7740286569,0.046307546334832,16.5606844508881,0.780738542496782,0.581551022007483
202426247,TOI-1860,TESS,16,1748.6062955361401,1748.61324002892,0.003971112948039,1.20204128587593,0.111734274875687,0.966280432227277
236387002,,TESS,25,1987.7869150582198,1987.8077483485401,0.038011313672315,31.572426226558104,0.804297714474439,0.04240813535363
236387002,,TESS,24,1961.06433662718,1961.1185048234202,0.07623315593152401,91.83872417781001,0.681643010519705,0.331382324862451
236387002,,TESS,51,2700.1893717130397,2700.19909413641,0.07257064921366099,26.3711031177641,0.3693289420916801,0.975372666663619
236387002,,TESS,51,2714.59462002757,2714.5955459582,0.011396815613572,0.754708831567851,0.112706050401827,0.975862568478878
236387002,,TESS,52,2719.1624318456397,2719.18974640804,0.112269826244666,83.1262205072244,0.583236269696099,0.610205081424033
236387002,,TESS,52,2719.90640680651,2719.90756420454,0.016366232339221,1.2469468967705102,0.15870259178536095,0.713522592093019
236387002,,TESS,24,1965.4644559536605,1965.47417842744,0.029763482381283,9.34991872538142,0.413098636812068,0.942436996549841
236387002,,TESS,24,1966.74087737686,1966.74643307174,0.012983781386808,3.8107307089257,0.30436852541493603,0.119696569714877
236387002,,TESS,24,1968.03396463322,1968.0464649294,0.031919594906318995,13.4950173746976,0.4223632784938189,0.29927056538790603
236387002,,TESS,25,1983.7577553940805,1983.76331093453,0.008205445572580999,2.64583972909163,0.277117862596843,0.482869483542246
236387002,,TESS,25,1984.12442115483,1984.12997669854,0.008350452670054,2.9169129807108303,0.387969080930294,0.533789199447775
236387002,,TESS,24,1976.77714452425,1976.79520029529,0.034988715932133,20.1380055852524,0.5981198714093671,0.51345602751074
236387002,,TESS,25,1997.24935442828,1997.26046534434,0.023561672252848,9.617758323129893,0.481314994975418,0.356478812444762
236387002,,TESS,25,1999.51042762705,1999.51876082225,0.010978377008685,4.780585186810058,0.395652851676402,0.6704792380291651
236387002,,TESS,25,1989.25080037405,1989.25496702904,0.00778922451919,2.308027047886,0.350624638177818,0.245701249625857
239227652,Kepler-755,Kepler,11,1081.53700845941,1081.53905166592,0.009215681800879,1.25885513176766,0.088364292791593,0.143800688775134
239229224,Kepler-171,Kepler,11,1081.53704631904,1081.53977059652,0.015845323039655,2.3639541986525496,0.172300226297521,0.821459880014338
239275865,Kepler-560,Kepler,14,1322.49914438379,1322.51140476889,0.012191282996496,7.20552268129858,0.376794341936576,0.546296390702118
239275865,Kepler-560,Kepler,15,1423.06601018305,1423.07009670109,0.01715940403497,4.420853251609491,0.28826348930057105,0.98892008950115
257605131,TOI-451,TESS,4,1412.1346983699302,1412.15969889198,0.027197481688707,23.5356146381176,0.500737713247329,0.610840661309323
257605131,TOI-451,TESS,31,2152.4692310815,2152.4803422785,0.031932793105346004,12.159228931984,0.32206547381966805,0.917903549556888
262530407,,TESS,3,1405.6823575162198,1405.6948571292999,0.007699507422879,3.75036734785592,0.27836114233951503,0.359754522662745
267749737,Kepler-1084,Kepler,11,1036.00116961956,1036.0045750005802,0.003692854741488,0.505759389320414,0.033016011067418,0.033276961582924
267749737,Kepler-1084,Kepler,12,1134.85897883907,1134.86102212988,0.001650396295611,0.25472151055506,0.035132031081059,0.17823286992012602
267749737,Kepler-1084,Kepler,13,1236.46378735259,1236.47400440929,0.005822684780475,2.3521039291434,0.06926650315303,0.661010857606671
267749737,Kepler-1084,Kepler,13,1263.09783859453,1263.10056317881,0.002716824473189,0.4713694161476501,0.038971686581344006,0.632117873100731
267749737,Kepler-1084,Kepler,15,1446.25878096412,1446.26763516087,0.00316332105973,1.41505201915404,0.063709988079423,0.833725354932548
267749737,Kepler-1084,Kepler,11,1014.89461836526,1014.8987049472099,0.003765411452603,0.671776417441243,0.039730219081194,0.754129694027697
272942100,Kepler-249,Kepler,16,1498.54733951689,1498.55006386846,0.009052714118101,1.8920627041737497,0.2295626614859429,0.569257316208382
272942100,Kepler-249,Kepler,15,1426.68915741635,1426.69324392729,0.012818195299111,2.8030376989008703,0.282420597922854,0.837113191933577
272942100,Kepler-249,Kepler,15,1456.27567618664,1456.27840057127,0.013882528030782,2.80444318434197,0.231700070302789,0.7849945779651691
273373582,Kepler-1229,Kepler,14,1361.79753562478,1361.802984454,0.026578849191363,8.37365420631831,0.41511886438649104,0.5038851555066579
273379660,Kepler-862,TESS,41,2434.1199053248,2434.12823865405,0.375742700032549,197.338802142918,16.3058646023345,0.93160557021608
273379660,Kepler-862,TESS,41,2442.01433987368,2442.01989541767,0.26894553178325004,92.56565241966601,11.8290120839413,0.438838231450473
273379660,Kepler-862,TESS,41,2436.06573714567,2436.06990380867,0.254301944970472,82.2466549731306,10.9010734742726,0.549591958518266
279915941,Kepler-1542,TESS,40,2408.56718503135,2408.57412949615,0.027754099765133,11.0848434770621,0.929674125981236,0.08192033629977499
298969755,Kepler-155,Kepler,16,1531.16145967956,1531.165546416,0.006888308387388,1.93204106663216,0.20846884175792,0.683281929317435
298969755,Kepler-155,Kepler,16,1531.18189346186,1531.18870472269,0.008501637730747,3.5371595215241896,0.26234964324804,0.686727067396134
298969755,Kepler-155,Kepler,16,1535.49274638129,1535.4954708115604,0.005376183901189,1.1038821312958602,0.149845488645023,0.413537372272597
298969755,Kepler-155,Kepler,16,1546.3608491083899,1546.37515294092,0.015514472605676004,10.0954467079183,0.362561444571702,0.245900759324405
298969755,Kepler-155,Kepler,16,1554.33214181896,1554.3369097125,0.011909346119437,2.6949385565435,0.21358793093451287,0.589861639810191
299096355,Kepler-16,Kepler,2,221.721394048247,221.73501652449286,0.00448902684339,2.38231083340161,0.07657968755555299,0.311983049132286
299096355,Kepler-16,Kepler,15,1390.10496144185,1390.11722134081,0.009944322573442,4.18352151383792,0.09862770439265,0.4190902954938121
307210830,L 98-59,TESS,39,2382.25018990485,2382.25273614993,0.024151074861186003,2.51524268713925,0.107225847818453,0.9672823885622328
307210830,L 98-59,TESS,11,1601.98995173737,1601.9968961520901,0.007905995114449999,2.67890923653934,0.168133682540263,0.664176248030035
307210830,L 98-59,TESS,39,2378.4000327345802,2378.40142159792,0.016697095119723,1.44616770867327,0.079310125308131,0.25846612192045604
307210830,L 98-59,TESS,11,1605.28437886049,1605.29687878125,0.024671863976515,8.61229058663633,0.254471742212712,0.126342702094847
307210830,L 98-59,TESS,10,1593.82193294257,1593.83165513004,0.003794081530102,2.59114332709271,0.259388029319616,0.038962324152252
352007758,Kepler-211,Kepler,8,1578.10056137941,1578.10260496117,0.004900053419535,0.695372209887463,0.066946531364144,0.4159804714120901
362249359,TOI-833,TESS,36,2297.11560147431,2297.12393489565,0.023474832488826,6.241760790420152,0.305429238132424,0.7293659075927441
362249359,TOI-833,TESS,36,2283.72791481532,2283.73902614078,0.011517980295595,4.4962042145674905,0.292175237419255,0.8797899362519699
399954349,Kepler-411,Kepler,11,1065.91208333593,1065.91616980355,0.0040288540510780005,0.7102320416008641,0.047013543567658,0.071563451628933
399954349,Kepler-411,Kepler,11,1050.97357064344,1050.97765730595,0.004929866607946001,0.8930652204438001,0.042700047506263,0.100602645435454
399954349,Kepler-411,Kepler,11,1047.3528576064698,1047.3562631920402,0.002773298670379,0.5653941952471421,0.045385084848627,0.8957690071931279
399954349,Kepler-411,Kepler,11,1012.39749635421,1012.4022641265,0.003234375381915,0.8407280461527121,0.058800175004122,0.263973103001227
399954349,Kepler-411,Kepler,11,1045.7522789327802,1045.7563654957598,0.0034876317729920004,0.642830110164454,0.045632486531494,0.3631581631351301
399954349,Kepler-411,Kepler,11,1096.08073704936,1096.0848236547802,0.0028336593058430003,0.548219715561458,0.048193045102981,0.110527722842416
399954349,Kepler-411,Kepler,11,1096.22240677373,1096.22445002657,0.002718447848269,0.34845676214946897,0.035365834872217,0.157669942537308
399954349,Kepler-411,Kepler,17,1563.59283792314,1563.59760584604,0.001952312644158,0.460951506922942,0.051332576974883,0.6805217177578979
399954349,Kepler-411,Kepler,17,1564.47082458306,1564.4735490540802,0.003671852259102001,0.558113912725197,0.04748435468121,0.9726818119166007
399954349,Kepler-411,Kepler,17,1568.5385828950698,1568.5474376369198,0.008573851111042,2.18580333840689,0.062408879298625,0.326274873975617
399954349,Kepler-411,Kepler,17,1573.8644108650699,1573.86713544337,0.0026150901643570003,0.453650801443558,0.040751950670322,0.098504991148282
399954349,Kepler-411,Kepler,11,1077.6719129738099,1077.67463739261,0.004290643064408,0.620923969189324,0.036242177070013,0.984781147441823
399954349,Kepler-411,Kepler,11,1039.15380669692,1039.15584992939,0.002443011468899,0.310462771516681,0.034194506169876,0.16744112353058
399954349,Kepler-411,Kepler,14,1337.50232411546,1337.50504860126,0.00380509799314,0.643337066269667,0.044578711266973,0.446319630519238
399954349,Kepler-411,Kepler,11,1028.50074969894,1028.5041551924198,0.001988987036097,0.47842080043888,0.04419155541233498,0.622514671135703
399954349,Kepler-411,Kepler,11,1027.85847333903,1027.86187893298,0.002407277538255,0.450112195804014,0.042976232667106,0.408789872851955
399954349,Kepler-411,Kepler,11,1025.3029894639599,1025.30707603916,0.002885141085901,0.688022335894821,0.050722098012957004,0.558423410988211
399954349,Kepler-411,Kepler,11,1023.34959597082,1023.3768401516,0.044653698423521,28.2766230297669,0.10351725204417404,0.9084094040128672
399954349,Kepler-411,Kepler,17,1576.3423981142498,1576.34989063394,0.004401181602852001,1.4564576675322398,0.062192148911182,0.92308356516511
399954349,Kepler-411,Kepler,11,1002.94991573099,1002.9546836199304,0.005930534650898001,1.06198662430691,0.04916127164372098,0.120182689717469
399954349,Kepler-411,Kepler,11,1003.9879186503599,1003.98996190193,0.0026791999476750003,0.3657781027951311,0.0358538023415,0.4655900227708339
399954349,Kepler-411,Kepler,11,1015.73625595852,1015.7389804826199,0.002040497848323,0.40385230389749,0.040512573498048994,0.374983514544031
399954349,Kepler-411,Kepler,11,1007.91039363601,1007.91379905033,0.004247274647578,0.776712206802127,0.04376972269543298,0.770838397780719
399954349,Kepler-411,Kepler,11,1008.04116523796,1008.04457085205,0.003441467703736,0.670600558340931,0.049336319584193,0.8143541427041049
399954349,Kepler-411,Kepler,11,1010.87591431948,1010.8786388477699,0.004613046567329001,0.719779528723515,0.041836417691423,0.757649293279082
399954349,Kepler-411,Kepler,11,1030.60602581136,1030.61147453872,0.002936708786984001,0.850294968041077,0.056704035267655,0.323069355292822
399954349,Kepler-411,Kepler,17,1579.6214079170902,1579.6275381010598,0.0030954027486,1.01140984902103,0.06160613428569,0.014211547486745
399954349,Kepler-411,Kepler,14,1340.45700559425,1340.45973007586,0.002170720907968,0.36724207817732496,0.044797612884337014,0.42952365679607896
399954349,Kepler-411,Kepler,17,1589.12808694128,1589.1328549913699,0.004602938766757,1.24062655119897,0.104227769630259,0.17766762903153602
399954349,Kepler-411,Kepler,13,1256.6590566234,1256.6651870025698,0.004038285251942,0.965016556685983,0.060552048727970986,0.544798547399993
399954349,Kepler-411,Kepler,13,1256.03104553746,1256.03308889742,0.005425773571748,0.538340424850435,0.033897465997084,0.3358206820455711
399954349,Kepler-411,Kepler,13,1254.11976587184,1254.12317157313,0.002106708879873,0.515298654961722,0.0474808938855,0.699820532429685
399954349,Kepler-411,Kepler,13,1252.93662475015,1252.94139289299,0.002210942402363,0.621791560296978,0.050013163235461,0.306116804007023
399954349,Kepler-411,Kepler,13,1248.81504170811,1248.8191285334801,0.005064437922131,0.818778313280994,0.04571848257004,0.934612947951677
399954349,Kepler-411,Kepler,13,1244.84398808598,1244.8473936925,0.00180973883338,0.423722784579807,0.043953660753872005,0.613199476529694
399954349,Kepler-411,Kepler,13,1244.43939003129,1244.4414334952,0.001546924915045,0.244187847859923,0.035549723834802004,0.478564850342448
399954349,Kepler-411,Kepler,13,1236.46390104671,1236.46594441214,0.001894451021278,0.248416958992869,0.034140493255143,0.8246297519385749
399954349,Kepler-411,Kepler,13,1232.25103732361,1232.25444293322,0.005229954312544,0.8383610212966941,0.04268963739871602,0.422751206168374
399954349,Kepler-411,Kepler,13,1215.74219949143,1215.74628631963,0.001802501590108,0.454823314730609,0.046295760136360005,0.929246765071514
399954349,Kepler-411,Kepler,13,1212.28676918278,1212.2888126459,0.001794417553115,0.260614359538458,0.037454017737565,0.779412843422215
399954349,Kepler-411,Kepler,13,1209.64121720484,1209.64462290859,0.002627694448781,0.5845262073895451,0.044221632080309006,0.8990751910870061
399954349,Kepler-411,Kepler,13,1206.0611416353802,1206.06454743681,0.003569937528817,0.713641527011486,0.042808455514222,0.7077641345368199
399954349,Kepler-411,Kepler,13,1198.2103236946,1198.21372928961,0.002440087135453,0.471446963013237,0.047204105151217,0.095314750617995
399954349,Kepler-411,Kepler,13,1194.89249619705,1194.89794534388,0.001584670995072,0.5558155966391071,0.063273192049058,0.991269736798162
399954349,Kepler-411,Kepler,13,1193.8891793171902,1193.92527967901,0.021835441749528,9.787478485700671,0.092015574954175,0.657404579760786
399954349,Kepler-411,Kepler,13,1189.37051092841,1189.37459773123,0.002284775521818,0.589709585831822,0.048144991096394016,0.153766036942877
399954349,Kepler-411,Kepler,13,1188.4107886419001,1188.4128319926199,0.002407385366106,0.350809514677904,0.036294208335039,0.8344074790161049
399954349,Kepler-411,Kepler,13,1187.05260155279,1187.05941291863,0.010804911907012,2.44892490574009,0.054188832580128,0.3824552046228121
399954349,Kepler-411,Kepler,13,1186.3047134544,1186.30743802,0.004468104224928,0.622967427461901,0.045923352668245015,0.133586893496591
399954349,Kepler-411,Kepler,13,1184.15981529394,1184.16866999994,0.002495208865307,1.09517959829642,0.078022538758398,0.41984752007883297
399954349,Kepler-411,Kepler,14,1366.59396030277,1366.59872800941,0.002181569640336,0.6365437402154539,0.065184306775048,0.126894012451368
399954349,Kepler-411,Kepler,14,1357.97317491324,1357.97726164944,0.003514601178549,0.7303161494043879,0.051289924172104,0.258229161264906
399954349,Kepler-411,Kepler,14,1351.1320997415598,1351.1361863915,0.0030364560247540004,0.661613461847504,0.060775872960368,0.981783222458358
399954349,Kepler-411,Kepler,17,1587.1050964970902,1587.1643557482998,0.12987265612217,74.9846209688297,0.213617763933505,0.504494441285251
399954349,Kepler-411,Kepler,13,1264.48262408539,1264.4860296782902,0.002213343585327,0.460767944118651,0.041524178756667,0.14818002309922002
399954349,Kepler-411,Kepler,13,1265.87555251816,1265.87963932805,0.002089881793613,0.480468341337889,0.047522636240935986,0.6116928765976078
399954349,Kepler-411,Kepler,13,1184.64750868274,1184.65500115841,0.002575951722191,1.07613502923848,0.06919165180099,0.58213306825032
399954349,Kepler-411,Kepler,14,1309.0668580118402,1309.06890143116,0.002391652140228,0.340868643800091,0.041419963406889,0.9840933422268672
399954349,Kepler-411,Kepler,15,1448.34629990238,1448.35379207577,0.0033923519883929994,1.1600396363773202,0.063002320761659,0.33091922764923
399954349,Kepler-411,Kepler,14,1314.45728666153,1314.45933007528,0.002697824871927,0.3741880818457,0.038734946307671,0.7778200737811941
399954349,Kepler-411,Kepler,14,1314.60440955339,1314.60713417155,0.002310837381394,0.39836279471018704,0.043989517849979,0.8267768972738541
399954349,Kepler-411,Kepler,15,1442.43504104863,1442.4384465409198,0.004960145337984999,1.0002884460089,0.04934816995926,0.363880293981094
399954349,Kepler-411,Kepler,15,1440.0007951116504,1440.01509815267,0.012796763492831,6.53902778911438,0.08804168582337599,0.553857141445916
399954349,Kepler-411,Kepler,15,1439.19233151355,1439.19505592573,0.002109166985702,0.394234818700971,0.052168329178229,0.284831640573588
399954349,Kepler-411,Kepler,15,1432.5114423463,1432.5155290108496,0.003322102297212,0.6434940816631,0.052133570117087004,0.061689425244968
399954349,Kepler-411,Kepler,15,1432.1422874876,1432.1456928746302,0.003690853303296,0.615205676118004,0.041480681176838,0.938848927546604
399954349,Kepler-411,Kepler,15,1431.67709783237,1431.68458988347,0.006902528914307,1.72457593698118,0.05700978941818701,0.784051753878625
399954349,Kepler-411,Kepler,15,1406.26264074396,1406.29465231031,0.012605784814608998,13.9132539532318,0.134205366670525,0.327100737555643
399954349,Kepler-411,Kepler,15,1386.48146449215,1386.4916809124,0.005126545173285999,2.00273203622628,0.068187246769766,0.7446882931399811
399954349,Kepler-411,Kepler,15,1378.73188112663,1378.75571983897,0.022189777552043,11.9246807415343,0.086963338995176,0.165925870983075
399954349,Kepler-411,Kepler,15,1373.85449536395,1373.85653861762,0.001861390377688,0.28204891747249,0.03590001683704798,0.542920022807405
399954349,Kepler-411,Kepler,15,1468.47149575505,1468.47422029202,0.002668123273272,0.472344250981304,0.041754433046244,0.027808125489236
399954349,Kepler-411,Kepler,15,1457.2285308909302,1457.2339797408401,0.003497009805382,0.917734674436996,0.055675351966813,0.286583089544636
399954349,Kepler-411,Kepler,17,1591.00054547855,1591.00803791592,0.004807948024894,2.17918464430554,0.145461512261761,0.800749604566006
410153553,LHS 3844,TESS,1,1343.4003945352804,1343.40456113579,0.039402331312301,8.78362890850839,0.6295076589008779,0.17631887875492105
410153553,LHS 3844,TESS,28,2076.14205282471,2076.14321021065,0.034464197430246,2.81178493773494,0.3284562545147069,0.013973293432758
410214986,DS Tuc A,TESS,28,2082.35334084261,2082.35681300719,0.006888159140806999,1.14135896511866,0.078907579798741,0.163244788990855
410214986,DS Tuc A,TESS,27,2040.4930600675305,2040.4942174976893,0.004033373872826,0.313900413384539,0.036712602636451014,0.019609709011459
410214986,DS Tuc A,TESS,27,2037.8,2037.81,,,,0.6890000000000001
410214986,DS Tuc A,TESS,1,1327.13,1327.16,,,,0.364
410214986,DS Tuc A,TESS,1,1327.38770513476,1327.39742740733,0.004735323664546,1.9303732291986,0.119711671100208,0.39588498861947
410214986,DS Tuc A,TESS,1,1328.19,1328.21,,,,0.495
410214986,DS Tuc A,TESS,1,1329.03632403069,1329.04743518856,0.0033085944064740005,2.55865354709106,0.185992442671599,0.598461125941232
410214986,DS Tuc A,TESS,1,1332.37522292904,1332.38633405921,0.002708871797271,1.87026048005522,0.158662826353819,0.008732561873044
410214986,DS Tuc A,TESS,1,1333.10855729943,1333.1224462036998,0.0062304095114490005,4.174261194416189,0.08953379683404099,0.098841952517891
410214986,DS Tuc A,TESS,1,1334.84,1334.86,,,,0.311
410214986,DS Tuc A,TESS,1,1335.56,1335.57,,,,0.4
410214986,DS Tuc A,TESS,1,1339.76687509554,1339.777986127,0.002491397639417,1.84576248507653,0.21218850727629,0.9169911946061992
410214986,DS Tuc A,TESS,1,1343.2071267101,1343.2140710958802,0.520774073516662,310.754153063582,0.220331156085496,0.339716474058514
410214986,DS Tuc A,TESS,1,1347.90846784079,1347.91541220213,0.519160857183625,310.920984088327,0.21674285663311604,0.9173997268950492
410214986,DS Tuc A,TESS,27,2041.52409844917,2041.53891354335,0.008675091571574,6.048800977081702,0.140317879803187,0.14629985753451402
410214986,DS Tuc A,TESS,28,2083.1672159654104,2083.16906778548,0.004378856089025,0.558116699981865,0.05419865581860299,0.263250726717104
410214986,DS Tuc A,TESS,27,2045.4186108517301,2045.4216201596696,0.004329384862045,0.831223161065055,0.062474236786531,0.624843007325157
410214986,DS Tuc A,TESS,27,2051.11869370782,2051.1200826119,0.0042020861231380005,0.381415138393161,0.045624117329672,0.32524791609552195
410214986,DS Tuc A,TESS,28,2078.7915894776,2078.7936727823103,0.003508771466686,0.4927369396970901,0.052632075300016005,0.725590073637979
410214986,DS Tuc A,TESS,28,2072.18077256378,2072.18424476165,0.005724439966143,1.24323854449349,0.07496869705518201,0.913277562692869
410214986,DS Tuc A,TESS,28,2072.05206975167,2072.05392159083,0.005130462642451999,0.546362750459341,0.05001814424735,0.897463041456835
410214986,DS Tuc A,TESS,28,2067.67778815266,2067.68380664827,0.006364893916475,2.37161173813289,0.097138523083389,0.359967643295177
410214986,DS Tuc A,TESS,28,2065.91344171584,2065.91899725847,0.007792808257587,2.2362014479041,0.088956877173545,0.143171337640968
410214986,DS Tuc A,TESS,28,2065.7303402717307,2065.73334952454,0.004939656256272,0.908425738167328,0.058255041810952014,0.120672515519694
410214986,DS Tuc A,TESS,28,2063.9838148305703,2064.00163889586,0.013291695639209,11.554804669528599,0.14928906902422698,0.906065987305262
410214986,DS Tuc A,TESS,27,2045.5019455291888,2045.50402889602,0.005798727796675,0.7750605673915709,0.06657769229643,0.6350828614877
410214986,DS Tuc A,TESS,28,2063.3532593687,2063.3539538133105,0.003709287857177,0.1921667818260689,0.030775635047177,0.828585685370595
410214986,DS Tuc A,TESS,28,2062.55,2062.58,,,,0.976
410214986,DS Tuc A,TESS,28,2062.47,2062.49,,,,0.966
410214986,DS Tuc A,TESS,1,1325.4613057753,1325.47380584339,0.009170860679011,4.74694328855895,0.12999405667083194,0.159176224610264
410214986,DS Tuc A,TESS,27,2059.2842629460997,2059.2919018692,0.007602720817089,3.0039695069423904,0.115209723857754,0.328602590367417
410214986,DS Tuc A,TESS,27,2058.5006944864003,2058.50439820797,0.00814527965873,1.24267318976532,0.067496546340103,0.2323206223004769
410214986,DS Tuc A,TESS,27,2056.85462081194,2056.87013016351,0.025771650173103,13.2434898657933,0.124086761945554,0.030057232293787
410214986,DS Tuc A,TESS,27,2053.11,2053.13,,,,0.57
410214986,DS Tuc A,TESS,27,2051.66198647123,2051.66661614856,0.004223420310784,1.23601368210242,0.076934792726461,0.392005703305969
410214986,DS Tuc A,TESS,28,2063.0828888968804,2063.0967777934,0.017247974168479,9.77380351373321,0.132763910178168,0.795363570810087
410214986,DS Tuc A,TESS,27,2060.27,2060.29,,,,0.45
413248763,GJ 357,TESS,35,2257.4077733990603,2257.41008826035,0.007431452464063001,1.02009006316252,0.079164120836351,0.11569544491722
417676622,Kepler-68,Kepler,11,1021.30994327567,1021.3133486746201,0.000583689231721,0.138870294237476,0.017805682566637,0.971427590547166
417676622,Kepler-68,Kepler,11,1008.4670925218801,1008.4711791208299,0.0008046187937549999,0.226739218031145,0.018349437917135,0.592593265550849
434226736,K2-25,TESS,44,2505.34128460089,2505.3537853693,0.18172661702634804,74.6053102130479,1.5566562098573795,0.023719615632599
434226736,K2-25,TESS,44,2519.03644268149,2519.0419984665,0.047570189677797005,15.3006830679915,1.4498644560806702,0.953955296822586
434226736,K2-25,TESS,44,2515.4612801315398,2515.47239179654,0.051699693216276994,27.103759384569397,1.82626679333769,0.9279553531062192
441420236,AU Mic,TESS,27,2059.3549,2059.3574,0.002,0.2818,0.0162,0.133
441420236,AU Mic,TESS,27,2052.3734,2052.3743,0.001,0.0764,0.0122,0.308
441420236,AU Mic,TESS,27,2044.0904,2044.1008,0.005,0.8098,0.0322,0.33
441420236,AU Mic,TESS,27,2044.3485,2044.3506,0.003,0.2427,0.0172,0.36
441420236,AU Mic,TESS,27,2044.5131,2044.5156,0.002,0.255,0.0207,0.38
441420236,AU Mic,TESS,27,2044.5233,2044.5244,0.002,0.1576,0.0139,0.381
441420236,AU Mic,TESS,27,2044.5721,2044.5783,0.002,0.8224,0.0297,0.386
441420236,AU Mic,TESS,27,2053.0819,2053.094,0.002,0.6544,0.0294,0.392
441420236,AU Mic,TESS,27,2044.7406,2044.742,0.002,0.1541,0.0149,0.406
441420236,AU Mic,TESS,27,2053.2542,2053.2549,0.001,0.0674,0.0103,0.412
441420236,AU Mic,TESS,27,2036.4212,2036.4223,0.002,0.1226,0.0142,0.423
441420236,AU Mic,TESS,27,2052.3505,2052.353,0.002,0.271,0.0193,0.306
441420236,AU Mic,TESS,27,2053.3782,2053.3789,0.003,0.105,0.0094,0.4270000000000001
441420236,AU Mic,TESS,27,2053.428,2053.4736,0.04,43.2516,0.0651,0.433
441420236,AU Mic,TESS,27,2036.7052,2036.7099,0.006999999999999999,1.3044,0.0244,0.457
441420236,AU Mic,TESS,27,2053.7708,2053.7734,0.002,0.215,0.0134,0.473
441420236,AU Mic,TESS,27,2045.3311,2045.3335,0.002,0.2825,0.0192,0.476
441420236,AU Mic,TESS,27,2037.005,2037.0092,0.002,0.4788,0.0258,0.4920000000000001
441420236,AU Mic,TESS,27,2037.1432,2037.1444,0.002,0.1588,0.0143,0.509
441420236,AU Mic,TESS,27,2037.1918,2037.1925,0.002,0.0872,0.0105,0.514
441420236,AU Mic,TESS,27,2053.3403,2053.341,0.002,0.08199999999999999,0.01,0.422
441420236,AU Mic,TESS,27,2052.253,2052.2539,0.002,0.1141,0.0118,0.294
441420236,AU Mic,TESS,27,2043.7258,2043.7265,0.002,0.0694,0.0106,0.28600000000000003
441420236,AU Mic,TESS,27,2045.7406,2045.7453,0.002,0.3251,0.0224,0.525
441420236,AU Mic,TESS,27,2059.3521,2059.3535,0.002,0.1546,0.0133,0.133
441420236,AU Mic,TESS,27,2050.8588,2050.869,0.005,2.0095,0.0374,0.129
441420236,AU Mic,TESS,27,2050.7812,2050.7831,0.003,0.2774,0.0146,0.12
441420236,AU Mic,TESS,27,2059.2276,2059.2283,0.002,0.0774,0.01,0.118
441420236,AU Mic,TESS,27,2042.204,2042.2047,0.002,0.1052,0.0103,0.107
441420236,AU Mic,TESS,27,2059.3866,2059.3884,0.002,0.2122,0.0153,0.13699999999999998
441420236,AU Mic,TESS,27,2042.1952,2042.1961,0.002,0.1003,0.0122,0.106
441420236,AU Mic,TESS,27,2050.656,2050.6717,0.002,0.9958,0.0392,0.105
441420236,AU Mic,TESS,27,2042.485,2042.535,0.025,15.368,0.06,0.14
441420236,AU Mic,TESS,27,2042.6061,2042.6079,0.003,0.202,0.0155,0.154
441420236,AU Mic,TESS,27,2059.5472,2059.5776,0.014,8.8759,0.0447,0.156
441420236,AU Mic,TESS,27,2042.6994,2042.701,0.002,0.1798,0.0166,0.165
441420236,AU Mic,TESS,27,2051.1641,2051.2083,0.011,2.292,0.0386,0.165
441420236,AU Mic,TESS,27,2059.6773,2059.6794,0.002,0.2474,0.0189,0.171
441420236,AU Mic,TESS,27,2051.4424,2051.5011,0.008,12.4721,0.0662,0.198
441420236,AU Mic,TESS,27,2051.5058,2051.5646,0.005,2.7603,0.0533,0.206
441420236,AU Mic,TESS,27,2051.7062,2051.7069,0.002,0.0803,0.0106,0.229
441420236,AU Mic,TESS,27,2051.8377,2051.8507,0.005,1.1873,0.0355,0.245
441420236,AU Mic,TESS,27,2043.4309,2043.4316,0.001,0.0703,0.0104,0.252
441420236,AU Mic,TESS,27,2060.4081,2060.4102,0.003,0.4017,0.0189,0.258
441420236,AU Mic,TESS,27,2060.5019,2060.5204,0.003,2.1544,0.0462,0.269
441420236,AU Mic,TESS,27,2043.7681,2043.7702,0.002,0.2269,0.0174,0.292
441420236,AU Mic,TESS,27,2054.2208,2054.2225,0.002,0.1303,0.0151,0.527
441420236,AU Mic,TESS,27,2039.4398,2039.4449,0.004,0.6168,0.0269,0.78
441420236,AU Mic,TESS,27,2037.4432,2037.4511,0.012,2.8797,0.0315,0.544
441420236,AU Mic,TESS,27,2047.8409,2047.8416,0.003,0.1218,0.01,0.773
441420236,AU Mic,TESS,27,2056.366,2056.3667,0.002,0.0796,0.01,0.78
441420236,AU Mic,TESS,27,2048.0525,2048.0541,0.002,0.1456,0.0162,0.7979999999999999
441420236,AU Mic,TESS,27,2056.5195,2056.5202,0.002,0.078,0.0107,0.7979999999999999
441420236,AU Mic,TESS,27,2039.5933,2039.5958,0.002,0.2428,0.02,0.7979999999999999
441420236,AU Mic,TESS,27,2039.5977,2039.6018,0.005,0.5439,0.0214,0.799
441420236,AU Mic,TESS,27,2056.6873,2056.6919,0.003,0.5967,0.0257,0.818
441420236,AU Mic,TESS,27,2056.7116,2056.7209,0.004,0.3293,0.0168,0.821
441420236,AU Mic,TESS,27,2039.8206,2039.8505,0.006,2.144,0.0413,0.825
441420236,AU Mic,TESS,27,2056.8285,2056.8982,0.016,11.8243,0.0571,0.835
441420236,AU Mic,TESS,27,2056.909,2057.0921,0.03,99.1105,0.1004,0.8440000000000001
441420236,AU Mic,TESS,27,2057.1322,2057.1489,0.003,1.4391,0.044,0.871
441420236,AU Mic,TESS,27,2050.656,2050.6581,0.002,0.2063,0.018000000000000002,0.105
441420236,AU Mic,TESS,27,2041.2065,2041.21,0.002,0.3974,0.0234,0.989
441420236,AU Mic,TESS,27,2058.0725,2058.0875,0.002,0.6603,0.032,0.982
441420236,AU Mic,TESS,27,2057.7982,2057.8621,0.028,14.5465,0.0473,0.949
441420236,AU Mic,TESS,27,2040.7896,2040.7945,0.003,0.5905,0.0266,0.94
441420236,AU Mic,TESS,27,2040.6801,2040.6808,0.002,0.07400000000000001,0.0102,0.927
441420236,AU Mic,TESS,27,2040.4697,2040.4708,0.001,0.0904,0.0146,0.902
441420236,AU Mic,TESS,27,2057.3287,2057.331,0.003,0.253,0.0176,0.894
441420236,AU Mic,TESS,27,2057.2012,2057.2273,0.003,1.6754,0.0426,0.879
441420236,AU Mic,TESS,27,2056.297,2056.3181,0.002,1.3030000000000002,0.0437,0.772
441420236,AU Mic,TESS,27,2054.2764,2054.331,0.016,12.3259,0.0749,0.5329999999999999
441420236,AU Mic,TESS,27,2047.8319,2047.8349,0.005,0.6159,0.0199,0.772
441420236,AU Mic,TESS,27,2056.2702,2056.2734,0.012,1.3526,0.0178,0.769
441420236,AU Mic,TESS,27,2054.4023,2054.4046,0.002,0.3035,0.0199,0.5479999999999999
441420236,AU Mic,TESS,27,2037.5566,2037.5578,0.002,0.1531,0.0135,0.5579999999999999
441420236,AU Mic,TESS,27,2037.6731,2037.7191,0.043,30.2496,0.0656,0.5710000000000001
441420236,AU Mic,TESS,27,2037.7194,2037.7328,0.016,6.4228,0.0416,0.5770000000000001
441420236,AU Mic,TESS,27,2037.7448,2037.7485,0.003,0.5964,0.0255,0.58
441420236,AU Mic,TESS,27,2037.9106,2037.9113,0.002,0.0847,0.0106,0.599
441420236,AU Mic,TESS,27,2046.4069,2046.4076,0.003,0.1185,0.01,0.603
441420236,AU Mic,TESS,27,2046.8666,2046.8698,0.003,0.4626,0.0215,0.6579999999999999
441420236,AU Mic,TESS,27,2046.9687,2046.9694,0.001,0.068,0.0107,0.67
441420236,AU Mic,TESS,27,2038.5451,2038.5458,0.004,0.1344,0.0093,0.674
441420236,AU Mic,TESS,27,2047.2134,2047.2525,0.012,6.0576,0.0443,0.6990000000000001
441420236,AU Mic,TESS,27,2047.346,2047.3578,0.01,4.7893,0.04,0.7140000000000001
441420236,AU Mic,TESS,27,2055.854,2055.8556,0.001,0.145,0.015,0.72
441420236,AU Mic,TESS,27,2055.9028,2055.9192,0.005,2.9126,0.0465,0.725
441420236,AU Mic,TESS,27,2047.5041,2047.5104,0.004,0.9986,0.0296,0.733
441420236,AU Mic,TESS,27,2047.5476,2047.5502,0.002,0.281,0.0195,0.738
441420236,AU Mic,TESS,27,2047.6286,2047.6722,0.006,2.4543,0.0445,0.748
441420236,AU Mic,TESS,27,2039.1819,2039.1974,0.014,5.6299,0.0451,0.75
441420236,AU Mic,TESS,27,2056.1653,2056.1665,0.002,0.1273,0.0135,0.7559999999999999
441420236,AU Mic,TESS,27,2039.2659,2039.2685,0.006,0.5811,0.0185,0.76
441420236,AU Mic,TESS,27,2056.2317,2056.2327,0.002,0.1168,0.0111,0.764
441420236,AU Mic,TESS,27,2039.3491,2039.3641,0.013,4.7965,0.0379,0.769
441420236,AU Mic,TESS,27,2059.1091,2059.1109,0.004,0.2939,0.0169,0.104
441420236,AU Mic,TESS,1,1327.8959,1327.9084,0.003,1.6691,0.0399,0.705
441420236,AU Mic,TESS,27,2041.994,2041.9952,0.003,0.1637,0.0126,0.08199999999999999
441420236,AU Mic,TESS,1,1350.9163,1350.9302,0.001,0.6762,0.0607,0.425
441420236,AU Mic,TESS,1,1325.5764,1325.6306,0.001,0.5146,0.019,0.431
441420236,AU Mic,TESS,1,1334.1167,1334.1458,0.006,5.4647,0.0496,0.44
441420236,AU Mic,TESS,1,1342.604,1342.6082,0.001,0.2682,0.0298,0.443
441420236,AU Mic,TESS,1,1334.3764,1334.3806,0.002,0.4917,0.0298,0.471
441420236,AU Mic,TESS,1,1334.3917,1334.3972,0.001,0.3523,0.0358,0.473
441420236,AU Mic,TESS,1,1334.6153,1334.6236,0.001,0.6565,0.0341,0.499
441420236,AU Mic,TESS,1,1351.694,1351.7023,0.001,0.4468,0.0502,0.517
441420236,AU Mic,TESS,1,1343.5068,1343.5207,0.004,2.4068,0.0457,0.55
441420236,AU Mic,TESS,1,1335.1111,1335.3153,0.032,75.8679,0.0495,0.5579999999999999
441420236,AU Mic,TESS,1,1326.6695,1326.7986,0.01,33.7457,0.1302,0.56
441420236,AU Mic,TESS,1,1326.8084,1326.832,0.001,0.9577,0.0564,0.5770000000000001
441420236,AU Mic,TESS,1,1335.3597,1335.3929999999998,0.033,22.1069,0.0496,0.5870000000000001
441420236,AU Mic,TESS,1,1352.3523,1352.362,0.005,1.4959,0.0375,0.595
441420236,AU Mic,TESS,1,1327.2111,1327.2431,0.001,1.3158,0.063,0.624
441420236,AU Mic,TESS,1,1335.7028,1335.7179999999996,0.008,4.5310000000000015,0.0427,0.628
441420236,AU Mic,TESS,1,1327.4375,1327.4514,0.001,0.6613,0.0384,0.6509999999999999
441420236,AU Mic,TESS,27,2059.0989,2059.0998,0.002,0.1086,0.0129,0.103
441420236,AU Mic,TESS,1,1344.4734,1344.4804,0.001,0.3695,0.041,0.664
441420236,AU Mic,TESS,1,1350.5482,1350.5552,0.001,0.3615,0.0385,0.382
441420236,AU Mic,TESS,1,1344.5165,1344.5248,0.002,0.6813,0.0423,0.669
441420236,AU Mic,TESS,1,1341.9776,1342.0054,0.002,0.8212,0.0346,0.369
441420236,AU Mic,TESS,1,1350.1455,1350.1635,0.014,6.7258,0.0313,0.334
441420236,AU Mic,TESS,27,2049.7375,2049.743,0.006999999999999999,1.5388,0.0253,0.997
441420236,AU Mic,TESS,1,1330.4514,1330.4709,0.003,1.6454,0.0324,0.006999999999999999
441420236,AU Mic,TESS,1,1330.8028,1330.825,0.002,1.723,0.0646,0.049
441420236,AU Mic,TESS,1,1330.9097,1330.9278,0.001,1.0644,0.043,0.061
441420236,AU Mic,TESS,1,1339.836,1339.8527,0.002,1.8742,0.0624,0.116
441420236,AU Mic,TESS,1,1331.3945,1331.4097,0.001,1.0054,0.0341,0.118
441420236,AU Mic,TESS,1,1331.4486,1331.4597,0.001,0.6757,0.0484,0.125
441420236,AU Mic,TESS,1,1331.8222,1331.8347,0.003,1.6245,0.0492,0.16899999999999998
441420236,AU Mic,TESS,1,1340.5235,1340.5332,0.002,1.0717,0.042,0.197
441420236,AU Mic,TESS,1,1340.6124,1340.618,0.001,0.3429,0.03,0.208
441420236,AU Mic,TESS,1,1332.3445,1332.3528,0.002,0.7825,0.0386,0.231
441420236,AU Mic,TESS,1,1349.4524,1349.4719,0.003,2.3684,0.0602,0.252
441420236,AU Mic,TESS,1,1332.6236,1332.6306,0.003,0.8113,0.0357,0.264
441420236,AU Mic,TESS,1,1349.8163,1349.8427,0.002,3.0289,0.0714,0.295
441420236,AU Mic,TESS,1,1341.3707,1341.3915,0.001,0.8014,0.0421,0.297
441420236,AU Mic,TESS,1,1341.4554,1341.461,0.001,0.3093,0.0403,0.307
441420236,AU Mic,TESS,1,1333.0195,1333.025,0.002,0.5435,0.0329,0.31
441420236,AU Mic,TESS,1,1350.0149,1350.1343,0.008,25.4785,0.1282,0.319
441420236,AU Mic,TESS,1,1341.6249,1341.629,0.001,0.254,0.032,0.327
441420236,AU Mic,TESS,1,1350.283,1350.3343,0.008,14.5975,0.0303,0.35
441420236,AU Mic,TESS,1,1344.5331,1344.5415,0.002,0.6682,0.0491,0.6709999999999999
441420236,AU Mic,TESS,1,1327.4695,1327.4792,0.001,0.6598,0.0448,0.655
441420236,AU Mic,TESS,1,1344.8151,1344.8317,0.002,1.3703,0.0493,0.7040000000000001
441420236,AU Mic,TESS,1,1346.4678,1346.4747,0.001,0.3584,0.0378,0.9
441420236,AU Mic,TESS,1,1336.2305,1336.2375,0.002,0.915,0.0326,0.69
441420236,AU Mic,TESS,1,1346.5595,1346.5692,0.002,1.1305,0.043,0.91
441420236,AU Mic,TESS,1,1338.2222,1338.2388,0.003,1.7873,0.0603,0.925
441420236,AU Mic,TESS,1,1330.1222,1330.1375,0.003,2.1059,0.0581,0.968
441420236,AU Mic,TESS,1,1347.2692,1347.2803,0.001,0.9361,0.0699,0.994
441420236,AU Mic,TESS,27,2058.2378,2058.2526,0.006999999999999999,3.4762,0.0413,0.001
441420236,AU Mic,TESS,27,2058.2584,2058.2593,0.002,0.1026,0.0122,0.004
441420236,AU Mic,TESS,27,2041.3551,2041.3572,0.002,0.2325,0.0197,0.006
441420236,AU Mic,TESS,27,2041.369,2041.3734,0.003,0.7045,0.0267,0.008
441420236,AU Mic,TESS,27,2041.6186,2041.6202,0.002,0.1467,0.016,0.038
441420236,AU Mic,TESS,27,2050.1252,2050.1259,0.003,0.099,0.0089,0.043
441420236,AU Mic,TESS,27,2050.1724,2050.1731,0.001,0.0657,0.0102,0.048
441420236,AU Mic,TESS,27,2058.7093,2058.7148,0.004,0.743,0.0264,0.057
441420236,AU Mic,TESS,27,2041.8783,2041.879,0.001,0.0735,0.0116,0.068
441420236,AU Mic,TESS,27,2041.8857,2041.8864,0.001,0.0695,0.0113,0.069
441420236,AU Mic,TESS,27,2050.3657,2050.3669,0.002,0.1643,0.0135,0.071
441420236,AU Mic,TESS,27,2058.8354,2058.8553,0.014,7.4373,0.0477,0.07200000000000001
441420236,AU Mic,TESS,27,2041.9364,2041.9406,0.002,0.2827,0.0206,0.075
441420236,AU Mic,TESS,1,1329.432,1329.4403,0.002,0.7829999999999999,0.0441,0.887
441420236,AU Mic,TESS,1,1329.3792,1329.4,0.008,4.8809,0.0676,0.88
441420236,AU Mic,TESS,1,1346.5192,1346.5372,0.013,7.186,0.0478,0.906
441420236,AU Mic,TESS,1,1329.3222,1329.332,0.002,1.1247,0.0511,0.8740000000000001
441420236,AU Mic,TESS,1,1336.5402,1336.5444,0.001,0.3492,0.0331,0.726
441420236,AU Mic,TESS,1,1345.0123,1345.0248,0.002,0.8895,0.0435,0.728
441420236,AU Mic,TESS,1,1328.1445,1328.1542,0.002,0.924,0.0455,0.7340000000000001
441420236,AU Mic,TESS,1,1336.6279,1336.6361,0.001,0.1741,0.0266,0.737
441420236,AU Mic,TESS,1,1345.2137,1345.2331,0.001,0.8235,0.0644,0.7509999999999999
441420236,AU Mic,TESS,1,1346.2789,1346.2859,0.001,0.5409,0.0388,0.877
441420236,AU Mic,TESS,1,1336.9555,1336.9791,0.006999999999999999,5.1851,0.0571,0.7759999999999999
441420236,AU Mic,TESS,1,1328.5042,1328.5375,0.026,14.729,0.035,0.777
441420236,AU Mic,TESS,1,1337.0208,1337.0625,0.006999999999999999,8.7288,0.0048,0.7829999999999999
441420236,AU Mic,TESS,1,1345.2928,1345.297,0.001,0.3261,0.0265,0.7609999999999999
441420236,AU Mic,TESS,1,1345.5081,1345.6206,0.006999999999999999,12.8709,0.0349,0.7859999999999999
441420236,AU Mic,TESS,1,1337.7402,1337.7458,0.001,0.3558,0.0353,0.868
441420236,AU Mic,TESS,1,1328.5736,1328.5778,0.001,0.3025,0.0301,0.785
441420236,AU Mic,TESS,1,1346.1886,1346.2275,0.005,6.7884,0.0535,0.867
441420236,AU Mic,TESS,1,1337.625,1337.6305,0.001,0.34,0.0327,0.855
441420236,AU Mic,TESS,27,2049.7539,2049.7555,0.002,1.5388,0.015,0.999
441420236,AU Mic,TESS,1,1337.4763,1337.4861,0.002,1.0357,0.0494,0.8370000000000001
441420236,AU Mic,TESS,1,1345.8317,1345.8428,0.001,0.6837,0.0525,0.8240000000000001
441420236,AU Mic,TESS,1,1328.7861,1328.7959,0.001,0.5212,0.0397,0.81
441420236,AU Mic,TESS,1,1328.7361,1328.7473,0.006,1.8122,0.0229,0.804
441420236,AU Mic,TESS,1,1346.0359,1346.047,0.002,1.2293,0.0433,0.848
460205581,TOI-837,TESS,11,1607.26478016689,1607.27866889737,0.024942238472514,11.9309131047272,0.323388343256469,0.962711897975018
460205581,TOI-837,TESS,38,2334.97977440873,2334.9881076687398,0.010413942326241,4.840003758234519,0.292172597536402,0.377224349444212
460205581,TOI-837,TESS,38,2335.5325472406103,2335.5381027455,0.006893815623976,2.7382948633196302,0.25513079868861605,0.443624475836239
460205581,TOI-837,TESS,10,1574.31197007663,1574.3216924430099,0.012434370752834,5.5865010803821376,0.299057503414475,0.004357527461149001
468989066,K2-354,TESS,34,2252.81818413062,2252.82860059518,0.192274237381713,101.80202339048,2.5052888336405097,0.9263893106933
468989066,K2-354,TESS,44,2518.05064133048,2518.05619744436,0.039131139399487,15.8518330760385,1.99516228847164,0.847576053831606
468989066,K2-354,TESS,46,2558.075135110031,2558.08902509095,0.06119520133306201,55.50986816157349,3.05661429566644,0.398924608245522
